净值日期,累计净值
2025-06-09,1.325
2025-06-10,1.328
2025-06-11,1.33
2025-06-12,1.321
2025-06-13,1.296
2025-06-16,1.293
2025-06-17,1.28
2025-06-18,1.275
2025-06-19,1.264
2025-06-20,1.27
2025-06-23,1.261
2025-06-24,1.269
2025-06-25,1.279
2025-06-26,1.278
2025-06-27,1.277
2025-06-30,1.284
2025-07-01,1.3
2025-07-02,1.29
2025-07-03,1.295
2025-07-04,1.286
2025-07-07,1.279
2025-07-08,1.282
2025-07-09,1.279
2025-07-10,1.272
2025-07-11,1.273
2025-07-14,1.285
2025-07-15,1.278
2025-07-16,1.279
2025-07-17,1.285
2025-07-18,1.284
2025-07-21,1.286
2025-07-22,1.294
2025-07-23,1.297
2025-07-24,1.297
2025-07-25,1.293
2025-07-28,1.29
2025-07-29,1.29
2025-07-30,1.293
2025-07-31,1.272
2025-08-01,1.268
2025-08-04,1.279
2025-08-05,1.288
2025-08-06,1.29
2025-08-07,1.293
2025-08-08,1.292
2025-08-11,1.296
2025-08-12,1.296
2025-08-13,1.296
2025-08-14,1.291
2025-08-15,1.306
2025-08-18,1.331
2025-08-19,1.331
2025-08-20,1.336
2025-08-21,1.337
2025-08-22,1.341
2025-08-25,1.357
2025-08-26,1.36
2025-08-27,1.338
2025-08-28,1.337
2025-08-29,1.353
2025-09-01,1.347
2025-09-02,1.335
2025-09-03,1.32
2025-09-04,1.322
2025-09-05,1.336
2025-09-08,1.366
2025-09-09,1.373
2025-09-10,1.376
2025-09-11,1.383
2025-09-12,1.368
2025-09-15,1.375
2025-09-16,1.371
2025-09-17,1.37
2025-09-18,1.349
2025-09-19,1.351
2025-09-22,1.334
2025-09-23,1.328
2025-09-24,1.329
2025-09-25,1.327
2025-09-26,1.333
2025-09-29,1.331
2025-09-30,1.33
2025-10-09,1.325
2025-10-10,1.33
2025-10-13,1.321
2025-10-14,1.323
2025-10-15,1.346
2025-10-16,1.344
2025-10-17,1.328
2025-10-20,1.322
2025-10-21,1.325
2025-10-22,1.318
2025-10-23,1.324
2025-10-24,1.317
2025-10-27,1.32
2025-10-28,1.309
2025-10-29,1.312
2025-10-30,1.299
2025-10-31,1.294
2025-11-03,1.3
2025-11-04,1.286
2025-11-05,1.289
2025-11-06,1.292
2025-11-07,1.287
2025-11-10,1.318
2025-11-11,1.316
2025-11-12,1.322
2025-11-13,1.329
2025-11-14,1.319
2025-11-17,1.315
2025-11-18,1.308
2025-11-19,1.313
2025-11-20,1.302
2025-11-21,1.284
2025-11-24,1.28
2025-11-25,1.274
2025-11-26,1.269
2025-11-27,1.271
2025-11-28,1.269
2025-12-01,1.278
2025-12-02,1.275
2025-12-03,1.272
2025-12-04,1.268
2025-12-05,1.271
2025-12-08,1.262
2025-12-09,1.252
2025-12-10,1.258
2025-12-11,1.249
2025-12-12,1.254
2025-12-15,1.26
2025-12-16,1.26
2025-12-17,1.277
2025-12-18,1.279
2025-12-19,1.297
2025-12-22,1.297
2025-12-23,1.287
2025-12-24,1.286
2025-12-25,1.294
2025-12-26,1.29
2025-12-29,1.286
2025-12-30,1.281
2025-12-31,1.284
2026-01-05,1.296
2026-01-06,1.301
2026-01-07,1.298
2026-01-08,1.294
2026-01-09,1.301
2026-01-12,1.31
2026-01-13,1.304
2026-01-14,1.296
2026-01-15,1.299
2026-01-16,1.29
2026-01-19,1.314
2026-01-20,1.329
2026-01-21,1.318
2026-01-22,1.312
2026-01-23,1.309
2026-01-26,1.302
2026-01-27,1.292
2026-01-28,1.28
2026-01-29,1.305
2026-01-30,1.291
2026-02-02,1.291
2026-02-03,1.312
2026-02-04,1.342
2026-02-05,1.373
2026-02-06,1.361
2026-02-09,1.368
2026-02-10,1.36
2026-02-11,1.353
2026-02-12,1.336
2026-02-13,1.325
2026-02-24,1.325
2026-02-25,1.329
2026-02-26,1.322
2026-02-27,1.331
2026-03-02,1.306
2026-03-03,1.288
2026-03-04,1.274
2026-03-05,1.267
2026-03-06,1.29
2026-03-09,1.267
2026-03-10,1.278
2026-03-11,1.274
2026-03-12,1.276
2026-03-13,1.281
2026-03-16,1.282
2026-03-17,1.282
2026-03-18,1.274
2026-03-19,1.256
2026-03-20,1.245
2026-03-23,1.189
2026-03-24,1.207
2026-03-25,1.222
2026-03-26,1.211
2026-03-27,1.23
2026-03-30,1.227
2026-03-31,1.219
2026-04-01,1.248
2026-04-02,1.243
2026-04-03,1.227
2026-04-07,1.22
2026-04-08,1.246
2026-04-09,1.23
2026-04-10,1.231
2026-04-13,1.223
2026-04-14,1.223
2026-04-15,1.226
2026-04-16,1.228
2026-04-17,1.21
2026-04-20,1.218
2026-04-21,1.225
2026-04-22,1.211
2026-04-23,1.211
2026-04-24,1.215
