净值日期,单位净值,日增长率
2015-11-19,1.0,0.0
2015-11-20,1.0,0.0
2015-11-26,1.0,0.0
2015-11-27,0.998,0.0
2015-11-30,0.998,0.0
2015-12-01,0.998,0.0
2015-12-02,0.999,0.1002
2015-12-03,1.0,0.1001
2015-12-04,0.999,-0.1
2015-12-07,0.999,0.0
2015-12-08,0.998,-0.1001
2015-12-09,0.999,0.1002
2015-12-10,0.998,-0.1001
2015-12-11,0.998,0.0
2015-12-14,1.0,0.2004
2015-12-15,1.0,0.0
2015-12-16,1.0,0.0
2015-12-17,1.001,0.1
2015-12-18,1.001,0.0
2015-12-21,1.002,0.0999
2015-12-22,1.003,0.0998
2015-12-23,1.002,-0.0997
2015-12-24,1.002,0.0
2015-12-25,1.002,0.0
2015-12-28,0.999,-0.2994
2015-12-29,1.0,0.1001
2015-12-30,1.001,0.1
2015-12-31,1.0,-0.0999
2016-01-04,0.994,-0.6
2016-01-05,0.995,0.1006
2016-01-06,0.997,0.201
2016-01-07,0.991,-0.6018
2016-01-08,0.994,0.3027
2016-01-11,0.99,-0.4024
2016-01-12,0.989,-0.101
2016-01-13,0.985,-0.4044
2016-01-14,0.989,0.4061
2016-01-15,0.984,-0.5056
2016-01-18,0.985,0.1016
2016-01-19,0.989,0.4061
2016-01-20,0.987,-0.2022
2016-01-21,0.983,-0.4053
2016-01-22,0.984,0.1017
2016-01-25,0.986,0.2033
2016-01-26,0.979,-0.7099
2016-01-27,0.978,-0.1021
2016-01-28,0.972,-0.6135
2016-01-29,0.976,0.4115
2016-02-01,0.975,-0.1025
2016-02-02,0.979,0.4103
2016-02-03,0.979,0.0
2016-02-04,0.982,0.3064
2016-02-05,0.983,0.1018
2016-02-15,0.985,0.2035
2016-02-16,0.989,0.4061
2016-02-17,0.99,0.1011
2016-02-18,0.989,-0.101
2016-02-19,0.99,0.1011
2016-02-22,0.994,0.404
2016-02-23,0.995,0.1006
2016-02-24,0.995,0.0
2016-02-25,0.985,-1.005
2016-02-26,0.989,0.4061
2016-02-29,0.986,-0.3033
2016-03-01,0.99,0.4057
2016-03-02,0.998,0.8081
2016-03-03,0.998,0.0
2016-03-04,0.995,-0.3006
2016-03-07,0.999,0.402
2016-03-08,0.996,-0.3003
2016-03-09,0.989,-0.7028
2016-03-10,0.988,-0.1011
2016-03-11,0.99,0.2024
2016-03-14,0.994,0.404
2016-03-15,0.989,-0.503
2016-03-16,0.99,0.1011
2016-03-17,0.993,0.303
2016-03-18,0.997,0.4028
2016-03-21,1.0,0.3009
2016-03-22,1.002,0.2
2016-03-23,1.001,-0.0998
2016-03-24,0.995,-0.5994
2016-03-25,0.994,-0.1005
2016-03-28,0.994,0.0
2016-03-29,0.992,-0.2012
2016-03-30,0.998,0.6048
2016-03-31,0.998,0.0
2016-04-01,0.999,0.1002
2016-04-05,1.002,0.3003
2016-04-06,1.001,-0.0998
2016-04-07,0.998,-0.2997
2016-04-08,0.998,0.0
2016-04-11,1.004,0.6012
2016-04-12,1.003,-0.0996
2016-04-13,1.004,0.0997
2016-04-14,1.004,0.0
2016-04-15,1.004,0.0
2016-04-18,1.004,0.0
2016-04-19,1.004,0.0
2016-04-20,1.004,0.0
2016-04-21,1.004,0.0
2016-04-22,1.004,0.0
2016-04-25,1.004,0.0
2016-04-26,1.004,0.0
2016-04-27,1.004,0.0
2016-04-28,1.004,0.0
2016-04-29,1.004,0.0
2016-05-03,1.005,0.0996
2016-05-04,1.005,0.0
2016-05-05,1.005,0.0
2016-05-06,1.004,-0.0995
2016-05-09,1.003,-0.0996
2016-05-10,1.003,0.0
2016-05-11,1.003,0.0
2016-05-12,1.004,0.0997
2016-05-13,1.004,0.0
2016-05-16,1.004,0.0
2016-05-17,1.004,0.0
2016-05-18,1.004,0.0
2016-05-19,1.004,0.0
2016-05-20,1.004,0.0
2016-05-23,1.004,0.0
2016-05-24,1.003,-0.0996
2016-05-25,1.003,0.0
2016-05-26,1.003,0.0
2016-05-27,1.003,0.0
2016-05-30,1.003,0.0
2016-05-31,1.005,0.1994
2016-06-01,1.005,0.0
2016-06-02,1.006,0.0995
2016-06-03,1.006,0.0
2016-06-06,1.006,0.0
2016-06-07,1.006,0.0
2016-06-08,1.006,0.0
2016-06-13,1.004,-0.1988
2016-06-14,1.005,0.0996
2016-06-15,1.006,0.0995
2016-06-16,1.006,0.0
2016-06-17,1.007,0.0994
2016-06-20,1.007,0.0
2016-06-21,1.007,0.0
2016-06-22,1.008,0.0993
2016-06-23,1.008,0.0
2016-06-24,1.007,-0.0992
2016-06-27,1.009,0.1986
2016-06-28,1.01,0.0991
2016-06-29,1.01,0.0
2016-06-30,1.01,0.0
2016-07-01,1.011,0.099
2016-07-04,1.012,0.0989
2016-07-05,1.012,0.0
2016-07-06,1.015,0.2964
2016-07-07,1.016,0.0985
2016-07-08,1.017,0.0984
2016-07-11,1.017,0.0
2016-07-12,1.018,0.0983
2016-07-13,1.018,0.0
2016-07-14,1.019,0.0982
2016-07-15,1.019,0.0
2016-07-18,1.02,0.0981
2016-07-19,1.02,0.0
2016-07-20,1.022,0.1961
2016-07-21,1.024,0.1957
2016-07-22,1.025,0.0977
2016-07-25,1.024,-0.0976
2016-07-26,1.026,0.1953
2016-07-27,1.025,-0.0975
2016-07-28,1.026,0.0976
2016-07-29,1.026,0.0
2016-08-01,1.024,-0.1949
2016-08-02,1.025,0.0977
2016-08-03,1.025,0.0
2016-08-04,1.026,0.0976
2016-08-05,1.026,0.0
2016-08-08,1.029,0.2924
2016-08-09,1.031,0.1944
2016-08-10,1.033,0.194
2016-08-11,1.032,-0.0968
2016-08-12,1.035,0.2907
2016-08-15,1.04,0.4831
2016-08-16,1.04,0.0
2016-08-17,1.04,0.0
2016-08-18,1.04,0.0
2016-08-19,1.04,0.0
2016-08-22,1.039,-0.0962
2016-08-23,1.04,0.0962
2016-08-24,1.039,-0.0962
2016-08-25,1.04,0.0962
2016-08-26,1.04,0.0
2016-08-29,1.04,0.0
2016-08-30,1.041,0.0962
2016-08-31,1.041,0.0
2016-09-01,1.041,0.0
2016-09-02,1.041,0.0
2016-09-05,1.042,0.0961
2016-09-06,1.044,0.1919
2016-09-07,1.044,0.0
2016-09-08,1.044,0.0
2016-09-09,1.043,-0.0958
2016-09-12,1.041,-0.1918
2016-09-13,1.041,0.0
2016-09-14,1.041,0.0
2016-09-19,1.042,0.0961
2016-09-20,1.042,0.0
2016-09-21,1.042,0.0
2016-09-22,1.043,0.096
2016-09-23,1.043,0.0
2016-09-26,1.041,-0.1918
2016-09-27,1.042,0.0961
2016-09-28,1.041,-0.096
2016-09-29,1.042,0.0961
2016-09-30,1.044,0.1919
2016-10-10,1.048,0.3831
2016-10-11,1.049,0.0954
2016-10-12,1.048,-0.0953
2016-10-13,1.048,0.0
2016-10-14,1.049,0.0954
2016-10-17,1.049,0.0
2016-10-18,1.05,0.0953
2016-10-19,1.051,0.0952
2016-10-20,1.053,0.1903
2016-10-21,1.054,0.095
2016-10-24,1.054,0.0
2016-10-25,1.054,0.0
2016-10-26,1.051,-0.2846
2016-10-27,1.052,0.0951
2016-10-28,1.052,0.0
2016-10-31,1.051,-0.0951
2016-11-01,1.051,0.0
2016-11-02,1.05,-0.0951
2016-11-03,1.052,0.1905
2016-11-04,1.052,0.0
2016-11-07,1.051,-0.0951
2016-11-08,1.05,-0.0951
2016-11-09,1.05,0.0
2016-11-10,1.049,-0.0952
2016-11-11,1.049,0.0
2016-11-14,1.047,-0.1907
2016-11-15,1.045,-0.191
2016-11-16,1.044,-0.0957
2016-11-17,1.041,-0.2874
2016-11-18,1.04,-0.0961
2016-11-21,1.041,0.0962
2016-11-22,1.042,0.0961
2016-11-23,1.044,0.1919
2016-11-24,1.045,0.0958
2016-11-25,1.046,0.0957
2016-11-28,1.048,0.1912
2016-11-29,1.046,-0.1908
2016-11-30,1.043,-0.2868
2016-12-01,1.039,-0.3835
2016-12-02,1.036,-0.2887
2016-12-05,1.032,-0.3861
2016-12-06,1.027,-0.4845
2016-12-07,1.028,0.0974
2016-12-08,1.028,0.0
2016-12-09,1.027,-0.0973
2016-12-12,1.022,-0.4869
2016-12-13,1.018,-0.3914
2016-12-14,1.015,-0.2947
2016-12-15,1.01,-0.4926
2016-12-16,1.01,0.0
2016-12-19,1.008,-0.198
2016-12-20,1.005,-0.2976
2016-12-21,1.005,0.0
2016-12-22,1.006,0.0995
2016-12-23,1.006,0.0
2016-12-26,1.007,0.0994
2016-12-27,1.008,0.0993
2016-12-28,1.007,-0.0992
2016-12-29,1.008,0.0993
2016-12-30,1.009,0.0992
2016-12-31,1.009,0.0
2017-01-03,1.011,0.1982
2017-01-04,1.012,0.0989
2017-01-05,1.012,0.0
2017-01-06,1.012,0.0
2017-01-09,1.014,0.1976
2017-01-10,1.014,0.0
2017-01-11,1.014,0.0
2017-01-12,1.013,-0.0986
2017-01-13,1.013,0.0
2017-01-16,1.012,-0.0987
2017-01-17,1.012,0.0
2017-01-18,1.012,0.0
2017-01-19,1.011,-0.0988
2017-01-20,1.012,0.0989
2017-01-23,1.013,0.0988
2017-01-24,1.014,0.0987
2017-01-25,1.014,0.0
2017-01-26,1.014,0.0
2017-02-03,1.013,-0.0986
2017-02-06,1.013,0.0
2017-02-07,1.012,-0.0987
2017-02-08,1.012,0.0
2017-02-09,1.013,0.0988
2017-02-10,1.014,0.0987
2017-02-13,1.015,0.0986
2017-02-14,1.015,0.0
2017-02-15,1.015,0.0
2017-02-16,1.016,0.0985
2017-02-17,1.015,-0.0984
2017-02-20,1.019,0.3941
2017-02-21,1.019,0.0
2017-02-22,1.02,0.0981
2017-02-23,1.019,-0.098
2017-02-24,1.019,0.0
2017-02-27,1.018,-0.0981
2017-02-28,1.019,0.0982
2017-03-01,1.019,0.0
2017-03-02,1.018,-0.0981
2017-03-03,1.018,0.0
2017-03-06,1.019,0.0982
2017-03-07,1.019,0.0
2017-03-08,1.018,-0.0981
2017-03-09,1.016,-0.1965
2017-03-10,1.017,0.0984
2017-03-13,1.019,0.1967
2017-03-14,1.018,-0.0981
2017-03-15,1.019,0.0982
2017-03-16,1.02,0.0981
2017-03-17,1.019,-0.098
2017-03-20,1.02,0.0981
2017-03-21,1.023,0.2941
2017-03-22,1.019,-0.391
2017-03-23,1.019,0.0
2017-03-24,1.019,0.0
2017-03-27,1.022,0.2944
2017-03-28,1.021,-0.0978
2017-03-29,1.021,0.0
2017-03-30,1.019,-0.1959
2017-03-31,1.021,0.1963
2017-04-05,1.026,0.4897
2017-04-06,1.027,0.0975
2017-04-07,1.028,0.0974
2017-04-10,1.029,0.0973
2017-04-11,1.031,0.1944
2017-04-12,1.032,0.097
2017-04-13,1.033,0.0969
2017-04-14,1.03,-0.2904
2017-04-17,1.029,-0.0971
2017-04-18,1.028,-0.0972
2017-04-19,1.026,-0.1946
2017-04-20,1.027,0.0975
2017-04-21,1.028,0.0974
2017-04-24,1.025,-0.2918
2017-04-25,1.025,0.0
2017-04-26,1.026,0.0976
2017-04-27,1.025,-0.0975
2017-04-28,1.025,0.0
2017-05-02,1.025,0.0
2017-05-03,1.023,-0.1951
2017-05-04,1.023,0.0
2017-05-05,1.022,-0.0978
2017-05-08,1.019,-0.2935
2017-05-09,1.019,0.0
2017-05-10,1.017,-0.1963
2017-05-11,1.018,0.0983
2017-05-12,1.02,0.1965
2017-05-15,1.021,0.098
2017-05-16,1.023,0.1959
2017-05-17,1.023,0.0
2017-05-18,1.022,-0.0978
2017-05-19,1.022,0.0
2017-05-22,1.022,0.0
2017-05-23,1.021,-0.0978
2017-05-24,1.022,0.0979
2017-05-25,1.026,0.3914
2017-05-26,1.026,0.0
2017-05-31,1.028,0.1949
2017-06-01,1.028,0.0
2017-06-02,1.028,0.0
2017-06-05,1.028,0.0
2017-06-06,1.029,0.0973
2017-06-07,1.032,0.2915
2017-06-08,1.033,0.0969
2017-06-09,1.035,0.1936
2017-06-12,1.035,0.0
2017-06-13,1.036,0.0966
2017-06-14,1.034,-0.1931
2017-06-15,1.034,0.0
2017-06-16,1.033,-0.0967
2017-06-19,1.035,0.1936
2017-06-20,1.035,0.0
2017-06-21,1.037,0.1932
2017-06-22,1.038,0.0964
2017-06-23,1.037,-0.0963
2017-06-26,1.038,0.0964
2017-06-27,1.04,0.1927
2017-06-28,1.04,0.0
2017-06-29,1.041,0.0962
2017-06-30,1.041,0.0
2017-07-03,1.04,-0.0961
2017-07-04,1.04,0.0
2017-07-05,1.042,0.1923
2017-07-06,1.043,0.096
2017-07-07,1.043,0.0
2017-07-10,1.043,0.0
2017-07-11,1.045,0.1918
2017-07-12,1.043,-0.1914
2017-07-13,1.046,0.2876
2017-07-14,1.049,0.2868
2017-07-17,1.047,-0.1907
2017-07-18,1.046,-0.0955
2017-07-19,1.048,0.1912
2017-07-20,1.05,0.1908
2017-07-21,1.049,-0.0952
2017-07-24,1.049,0.0
2017-07-25,1.048,-0.0953
2017-07-26,1.048,0.0
2017-07-27,1.047,-0.0954
2017-07-28,1.048,0.0955
2017-07-31,1.048,0.0
2017-08-01,1.049,0.0954
2017-08-02,1.048,-0.0953
2017-08-03,1.047,-0.0954
2017-08-04,1.046,-0.0955
2017-08-07,1.047,0.0956
2017-08-08,1.048,0.0955
2017-08-09,1.048,0.0
2017-08-10,1.049,0.0954
2017-08-11,1.042,-0.6673
2017-08-14,1.045,0.2879
2017-08-15,1.047,0.1914
2017-08-16,1.047,0.0
2017-08-17,1.047,0.0
2017-08-18,1.047,0.0
2017-08-21,1.048,0.0955
2017-08-22,1.048,0.0
2017-08-23,1.048,0.0
2017-08-24,1.047,-0.0954
2017-08-25,1.049,0.191
2017-08-28,1.05,0.0953
2017-08-29,1.051,0.0952
2017-08-30,1.05,-0.0951
2017-08-31,1.05,0.0
2017-09-01,1.052,0.1905
2017-09-04,1.052,0.0
2017-09-05,1.053,0.0951
2017-09-06,1.054,0.095
2017-09-07,1.052,-0.1898
2017-09-08,1.053,0.0951
2017-09-11,1.054,0.095
2017-09-12,1.054,0.0
2017-09-13,1.056,0.1898
2017-09-14,1.057,0.0947
2017-09-15,1.058,0.0946
2017-09-18,1.062,0.3781
2017-09-19,1.062,0.0
2017-09-20,1.064,0.1883
2017-09-21,1.061,-0.282
2017-09-22,1.062,0.0943
2017-09-25,1.062,0.0
2017-09-26,1.062,0.0
2017-09-27,1.063,0.0942
2017-09-28,1.066,0.2822
2017-09-29,1.069,0.2814
2017-10-09,1.072,0.2806
2017-10-10,1.073,0.0933
2017-10-11,1.077,0.3728
2017-10-12,1.076,-0.0929
2017-10-13,1.076,0.0
2017-10-16,1.074,-0.1859
2017-10-17,1.073,-0.0931
2017-10-18,1.075,0.1864
2017-10-19,1.078,0.2791
2017-10-20,1.078,0.0
2017-10-23,1.081,0.2783
2017-10-24,1.081,0.0
2017-10-25,1.084,0.2775
2017-10-26,1.085,0.0923
2017-10-27,1.085,0.0
2017-10-30,1.085,0.0
2017-10-31,1.082,-0.2765
2017-11-01,1.081,-0.0924
2017-11-02,1.082,0.0925
2017-11-03,1.083,0.0924
2017-11-06,1.087,0.3693
2017-11-07,1.085,-0.184
2017-11-08,1.084,-0.0922
2017-11-09,1.085,0.0923
2017-11-10,1.089,0.3687
2017-11-13,1.088,-0.0918
2017-11-14,1.084,-0.3676
2017-11-15,1.084,0.0
2017-11-16,1.087,0.2768
2017-11-17,1.085,-0.184
2017-11-20,1.085,0.0
2017-11-21,1.086,0.0922
2017-11-22,1.085,-0.0921
2017-11-23,1.078,-0.6452
2017-11-24,1.077,-0.0928
2017-11-27,1.074,-0.2786
2017-11-28,1.075,0.0931
2017-11-29,1.074,-0.093
2017-11-30,1.074,0.0
2017-12-01,1.075,0.0931
2017-12-04,1.075,0.0
2017-12-05,1.075,0.0
2017-12-06,1.075,0.0
2017-12-07,1.074,-0.093
2017-12-08,1.074,0.0
2017-12-11,1.075,0.0931
2017-12-12,1.075,0.0
2017-12-13,1.075,0.0
2017-12-14,1.074,-0.093
2017-12-15,1.074,0.0
2017-12-18,1.075,0.0931
2017-12-19,1.076,0.093
2017-12-20,1.075,-0.0929
2017-12-21,1.076,0.093
2017-12-22,1.075,-0.0929
2017-12-25,1.075,0.0
2017-12-26,1.076,0.093
2017-12-27,1.075,-0.0929
2017-12-28,1.074,-0.093
2017-12-29,1.075,0.0931
2017-12-31,1.075,0.0
2018-01-02,1.076,0.093
2018-01-03,1.077,0.0929
2018-01-04,1.079,0.1857
2018-01-05,1.08,0.0927
2018-01-08,1.081,0.0926
2018-01-09,1.081,0.0
2018-01-10,1.083,0.185
2018-01-11,1.082,-0.0923
2018-01-12,1.084,0.1848
2018-01-15,1.084,0.0
2018-01-16,1.084,0.0
2018-01-17,1.084,0.0
2018-01-18,1.085,0.0923
2018-01-19,1.085,0.0
2018-01-22,1.085,0.0
2018-01-23,1.086,0.0922
2018-01-24,1.087,0.0921
2018-01-25,1.087,0.0
2018-01-26,1.088,0.092
2018-01-29,1.088,0.0
2018-01-30,1.087,-0.0919
2018-01-31,1.087,0.0
2018-02-01,1.086,-0.092
2018-02-02,1.09,0.3683
2018-02-05,1.091,0.0917
2018-02-06,1.09,-0.0917
2018-02-07,1.09,0.0
2018-02-08,1.09,0.0
2018-02-09,1.09,0.0
2018-02-12,1.091,0.0917
2018-02-13,1.091,0.0
2018-02-14,1.091,0.0
2018-02-22,1.092,0.0917
2018-02-23,1.092,0.0
2018-02-26,1.093,0.0916
2018-02-27,1.093,0.0
2018-02-28,1.092,-0.0915
2018-03-01,1.093,0.0916
2018-03-02,1.092,-0.0915
2018-03-05,1.092,0.0
2018-03-06,1.093,0.0916
2018-03-07,1.093,0.0
2018-03-08,1.093,0.0
2018-03-09,1.093,0.0
2018-03-12,1.094,0.0915
2018-03-13,1.093,-0.0914
2018-03-14,1.094,0.0915
2018-03-15,1.094,0.0
2018-03-16,1.093,-0.0914
2018-03-19,1.094,0.0915
2018-03-20,1.096,0.1828
2018-03-21,1.096,0.0
2018-03-22,1.096,0.0
2018-03-23,1.094,-0.1825
2018-03-26,1.094,0.0
2018-03-27,1.096,0.1828
2018-03-28,1.094,-0.1825
2018-03-29,1.094,0.0
2018-03-30,1.094,0.0
2018-04-02,1.095,0.0914
2018-04-03,1.095,0.0
2018-04-04,1.096,0.0913
2018-04-09,1.096,0.0
2018-04-10,1.097,0.0912
2018-04-11,1.098,0.0912
2018-04-12,1.098,0.0
2018-04-13,1.097,-0.0911
2018-04-16,1.099,0.1823
2018-04-17,1.097,-0.182
2018-04-18,1.1,0.2735
2018-04-19,1.1,0.0
2018-04-20,1.1,0.0
2018-04-23,1.1,0.0
2018-04-24,1.1,0.0
2018-04-25,1.101,0.0909
2018-04-26,1.099,-0.1817
2018-04-27,1.1,0.091
2018-05-02,1.1,0.0
2018-05-03,1.1,0.0
2018-05-04,1.102,0.1818
2018-05-07,1.103,0.0907
2018-05-08,1.104,0.0907
2018-05-09,1.103,-0.0906
2018-05-10,1.105,0.1813
2018-05-11,1.103,-0.181
2018-05-14,1.103,0.0
2018-05-15,1.104,0.0907
2018-05-16,1.104,0.0
2018-05-17,1.103,-0.0906
2018-05-18,1.103,0.0
2018-05-21,1.103,0.0
2018-05-22,1.105,0.1813
2018-05-23,1.104,-0.0905
2018-05-24,1.105,0.0906
2018-05-25,1.106,0.0905
2018-05-28,1.106,0.0
2018-05-29,1.103,-0.2712
2018-05-30,1.102,-0.0907
2018-05-31,1.106,0.363
2018-06-01,1.102,-0.3617
2018-06-04,1.101,-0.0907
2018-06-05,1.104,0.2725
2018-06-06,1.105,0.0906
2018-06-07,1.104,-0.0905
2018-06-08,1.104,0.0
2018-06-11,1.102,-0.1812
2018-06-12,1.103,0.0907
2018-06-13,1.102,-0.0907
2018-06-14,1.101,-0.0907
2018-06-15,1.101,0.0
2018-06-19,1.098,-0.2725
2018-06-20,1.099,0.0911
2018-06-21,1.098,-0.091
2018-06-22,1.099,0.0911
2018-06-25,1.096,-0.273
2018-06-26,1.095,-0.0912
2018-06-27,1.092,-0.274
2018-06-28,1.092,0.0
2018-06-29,1.094,0.1832
2018-06-30,1.094,0.0
2018-07-02,1.094,0.0
2018-07-03,1.094,0.0
2018-07-04,1.095,0.0914
2018-07-05,1.095,0.0
2018-07-06,1.096,0.0913
2018-07-09,1.098,0.1825
2018-07-10,1.098,0.0
2018-07-11,1.098,0.0
2018-07-12,1.101,0.2732
2018-07-13,1.102,0.0908
2018-07-16,1.102,0.0
2018-07-17,1.102,0.0
2018-07-18,1.102,0.0
2018-07-19,1.103,0.0907
2018-07-20,1.104,0.0907
2018-07-23,1.103,-0.0906
2018-07-24,1.105,0.1813
2018-07-25,1.106,0.0905
2018-07-26,1.104,-0.1808
2018-07-27,1.104,0.0
2018-07-30,1.103,-0.0906
2018-07-31,1.105,0.1813
2018-08-01,1.104,-0.0905
2018-08-02,1.104,0.0
2018-08-03,1.103,-0.0906
2018-08-06,1.103,0.0
2018-08-07,1.105,0.1813
2018-08-08,1.104,-0.0905
2018-08-09,1.105,0.0906
2018-08-10,1.104,-0.0905
2018-08-13,1.103,-0.0906
2018-08-14,1.103,0.0
2018-08-15,1.102,-0.0907
2018-08-16,1.102,0.0
2018-08-17,1.101,-0.0907
2018-08-20,1.101,0.0
2018-08-21,1.101,0.0
2018-08-22,1.101,0.0
2018-08-23,1.101,0.0
2018-08-24,1.102,0.0908
2018-08-27,1.102,0.0
2018-08-28,1.102,0.0
2018-08-29,1.101,-0.0907
2018-08-30,1.101,0.0
2018-08-31,1.101,0.0
2018-09-03,1.101,0.0
2018-09-04,1.101,0.0
2018-09-05,1.102,0.0908
2018-09-06,1.102,0.0
2018-09-07,1.101,-0.0907
2018-09-10,1.102,0.0908
2018-09-11,1.102,0.0
2018-09-12,1.102,0.0
2018-09-13,1.102,0.0
2018-09-14,1.103,0.0907
2018-09-17,1.104,0.0907
2018-09-18,1.104,0.0
2018-09-19,1.105,0.0906
2018-09-20,1.105,0.0
2018-09-21,1.105,0.0
2018-09-25,1.106,0.0905
2018-09-26,1.106,0.0
2018-09-27,1.106,0.0
2018-09-28,1.107,0.0904
2018-10-08,1.108,0.0903
2018-10-09,1.109,0.0903
2018-10-10,1.109,0.0
2018-10-11,1.11,0.0902
2018-10-12,1.111,0.0901
2018-10-15,1.111,0.0
2018-10-16,1.111,0.0
2018-10-17,1.111,0.0
2018-10-18,1.112,0.09
2018-10-19,1.112,0.0
2018-10-22,1.112,0.0
2018-10-23,1.113,0.0899
2018-10-24,1.113,0.0
2018-10-25,1.113,0.0
2018-10-26,1.114,0.0898
2018-10-29,1.114,0.0
2018-10-30,1.114,0.0
2018-10-31,1.114,0.0
2018-11-01,1.114,0.0
2018-11-02,1.114,0.0
2018-11-05,1.114,0.0
2018-11-06,1.115,0.0898
2018-11-07,1.116,0.0897
2018-11-08,1.116,0.0
2018-11-09,1.117,0.0896
2018-11-12,1.117,0.0
2018-11-13,1.118,0.0895
2018-11-14,1.12,0.1789
2018-11-15,1.121,0.0893
2018-11-16,1.122,0.0892
2018-11-19,1.122,0.0
2018-11-20,1.123,0.0891
2018-11-21,1.123,0.0
2018-11-22,1.123,0.0
2018-11-23,1.124,0.089
2018-11-26,1.124,0.0
2018-11-27,1.124,0.0
2018-11-28,1.123,-0.089
2018-11-29,1.124,0.089
2018-11-30,1.124,0.0
2018-12-03,1.125,0.089
2018-12-04,1.125,0.0
2018-12-05,1.126,0.0889
2018-12-06,1.126,0.0
2018-12-07,1.127,0.0888
2018-12-10,1.127,0.0
2018-12-11,1.127,0.0
2018-12-12,1.127,0.0
2018-12-13,1.128,0.0887
2018-12-14,1.127,-0.0887
2018-12-17,1.127,0.0
2018-12-18,1.127,0.0
2018-12-19,1.127,0.0
2018-12-20,1.128,0.0887
2018-12-21,1.128,0.0
2018-12-24,1.128,0.0
2018-12-25,1.128,0.0
2018-12-26,1.127,-0.0887
2018-12-27,1.128,0.0887
2018-12-28,1.129,0.0887
2018-12-31,1.129,0.0
2019-01-02,1.13,0.0886
2019-01-03,1.131,0.0885
2019-01-04,1.132,0.0884
2019-01-07,1.13,-0.1767
2019-01-08,1.131,0.0885
2019-01-09,1.132,0.0884
2019-01-10,1.133,0.0883
2019-01-11,1.134,0.0883
2019-01-14,1.134,0.0
2019-01-15,1.134,0.0
2019-01-16,1.135,0.0882
2019-01-17,1.135,0.0
2019-01-18,1.136,0.0881
2019-01-21,1.136,0.0
2019-01-22,1.137,0.088
2019-01-23,1.137,0.0
2019-01-24,1.137,0.0
2019-01-25,1.137,0.0
2019-01-28,1.137,0.0
2019-01-29,1.137,0.0
2019-01-30,1.137,0.0
2019-01-31,1.138,0.088
2019-02-01,1.138,0.0
2019-02-11,1.139,0.0879
2019-02-12,1.14,0.0878
2019-02-13,1.14,0.0
2019-02-14,1.141,0.0877
2019-02-15,1.141,0.0
2019-02-18,1.143,0.1753
2019-02-19,1.142,-0.0875
2019-02-20,1.143,0.0876
2019-02-21,1.143,0.0
2019-02-22,1.145,0.175
2019-02-25,1.15,0.4367
2019-02-26,1.15,0.0
2019-02-27,1.148,-0.1739
2019-02-28,1.149,0.0871
2019-03-01,1.149,0.0
2019-03-04,1.15,0.087
2019-03-05,1.151,0.087
2019-03-06,1.151,0.0
2019-03-07,1.152,0.0869
2019-03-08,1.148,-0.3472
2019-03-11,1.153,0.4355
2019-03-12,1.156,0.2602
2019-03-13,1.155,-0.0865
2019-03-14,1.153,-0.1732
2019-03-15,1.156,0.2602
2019-03-18,1.162,0.519
2019-03-19,1.162,0.0
2019-03-20,1.165,0.2582
2019-03-21,1.167,0.1717
2019-03-22,1.17,0.2571
2019-03-25,1.165,-0.4274
2019-03-26,1.161,-0.3433
2019-03-27,1.164,0.2584
2019-03-28,1.162,-0.1718
2019-03-29,1.167,0.4303
2019-04-01,1.171,0.3428
2019-04-02,1.171,0.0
2019-04-03,1.169,-0.1708
2019-04-04,1.169,0.0
2019-04-08,1.167,-0.1711
2019-04-09,1.169,0.1714
2019-04-10,1.17,0.0855
2019-04-11,1.165,-0.4274
2019-04-12,1.164,-0.0858
2019-04-15,1.16,-0.3436
2019-04-16,1.164,0.3448
2019-04-17,1.163,-0.0859
2019-04-18,1.164,0.086
2019-04-19,1.164,0.0
2019-04-22,1.159,-0.4296
2019-04-23,1.159,0.0
2019-04-24,1.16,0.0863
2019-04-25,1.156,-0.3448
2019-04-26,1.153,-0.2595
2019-04-29,1.154,0.0867
2019-04-30,1.155,0.0867
2019-05-06,1.155,0.0
2019-05-07,1.156,0.0866
2019-05-08,1.154,-0.173
2019-05-09,1.153,-0.0867
2019-05-10,1.156,0.2602
2019-05-13,1.155,-0.0865
2019-05-14,1.155,0.0
2019-05-15,1.158,0.2597
2019-05-16,1.158,0.0
2019-05-17,1.154,-0.3454
2019-05-20,1.151,-0.26
2019-05-21,1.153,0.1738
2019-05-22,1.153,0.0
2019-05-23,1.151,-0.1735
2019-05-24,1.151,0.0
2019-05-27,1.151,0.0
2019-05-28,1.152,0.0869
2019-05-29,1.152,0.0
2019-05-30,1.151,-0.0868
2019-05-31,1.152,0.0869
2019-06-03,1.152,0.0
2019-06-04,1.151,-0.0868
2019-06-05,1.151,0.0
2019-06-06,1.151,0.0
2019-06-10,1.151,0.0
2019-06-11,1.152,0.0869
2019-06-12,1.152,0.0
2019-06-13,1.152,0.0
2019-06-14,1.151,-0.0868
2019-06-17,1.151,0.0
2019-06-18,1.151,0.0
2019-06-19,1.151,0.0
2019-06-20,1.153,0.1738
2019-06-21,1.153,0.0
2019-06-24,1.154,0.0867
2019-06-25,1.154,0.0
2019-06-26,1.154,0.0
2019-06-27,1.155,0.0867
2019-06-28,1.154,-0.0866
2019-06-30,1.154,0.0
2019-07-01,1.157,0.26
2019-07-02,1.156,-0.0864
2019-07-03,1.155,-0.0865
2019-07-04,1.155,0.0
2019-07-05,1.157,0.1732
2019-07-08,1.155,-0.1729
2019-07-09,1.155,0.0
2019-07-10,1.155,0.0
2019-07-11,1.155,0.0
2019-07-12,1.156,0.0866
2019-07-15,1.156,0.0
2019-07-16,1.157,0.0865
2019-07-17,1.157,0.0
2019-07-18,1.157,0.0
2019-07-19,1.157,0.0
2019-07-22,1.157,0.0
2019-07-23,1.157,0.0
2019-07-24,1.158,0.0864
2019-07-25,1.158,0.0
2019-07-26,1.159,0.0864
2019-07-29,1.159,0.0
2019-07-30,1.16,0.0863
2019-07-31,1.159,-0.0862
2019-08-01,1.159,0.0
2019-08-02,1.159,0.0
2019-08-05,1.157,-0.1726
2019-08-06,1.156,-0.0864
2019-08-07,1.155,-0.0865
2019-08-08,1.158,0.2597
2019-08-09,1.156,-0.1727
2019-08-12,1.159,0.2595
2019-08-13,1.159,0.0
2019-08-14,1.159,0.0
2019-08-15,1.16,0.0863
2019-08-16,1.161,0.0862
2019-08-19,1.165,0.3445
2019-08-20,1.163,-0.1717
2019-08-21,1.163,0.0
2019-08-22,1.163,0.0
2019-08-23,1.164,0.086
2019-08-26,1.164,0.0
2019-08-27,1.167,0.2577
2019-08-28,1.167,0.0
2019-08-29,1.167,0.0
2019-08-30,1.166,-0.0857
2019-09-02,1.168,0.1715
2019-09-03,1.17,0.1712
2019-09-04,1.172,0.1709
2019-09-05,1.175,0.256
2019-09-06,1.176,0.0851
2019-09-09,1.179,0.2551
2019-09-10,1.177,-0.1696
2019-09-11,1.176,-0.085
2019-09-12,1.178,0.1701
2019-09-16,1.176,-0.1698
2019-09-17,1.17,-0.5102
2019-09-18,1.169,-0.0855
2019-09-19,1.17,0.0855
2019-09-20,1.171,0.0855
2019-09-23,1.168,-0.2562
2019-09-24,1.169,0.0856
2019-09-25,1.166,-0.2566
2019-09-26,1.161,-0.4288
2019-09-27,1.164,0.2584
2019-09-30,1.161,-0.2577
2019-10-08,1.162,0.0861
2019-10-09,1.163,0.0861
2019-10-10,1.165,0.172
2019-10-11,1.167,0.1717
2019-10-14,1.169,0.1714
2019-10-15,1.167,-0.1711
2019-10-16,1.167,0.0
2019-10-17,1.167,0.0
2019-10-18,1.164,-0.2571
2019-10-21,1.165,0.0859
2019-10-22,1.167,0.1717
2019-10-23,1.165,-0.1714
2019-10-24,1.161,-0.3433
2019-10-25,1.163,0.1723
2019-10-28,1.166,0.258
2019-10-29,1.165,-0.0858
2019-10-30,1.163,-0.1717
2019-10-31,1.164,0.086
2019-11-01,1.167,0.2577
2019-11-04,1.17,0.2571
2019-11-05,1.172,0.1709
2019-11-06,1.171,-0.0853
2019-11-07,1.172,0.0854
2019-11-08,1.172,0.0
2019-11-11,1.168,-0.3413
2019-11-12,1.168,0.0
2019-11-13,1.169,0.0856
2019-11-14,1.17,0.0855
2019-11-15,1.168,-0.1709
2019-11-18,1.169,0.0856
2019-11-19,1.173,0.3422
2019-11-20,1.171,-0.1705
2019-11-21,1.17,-0.0854
2019-11-22,1.168,-0.1709
2019-11-25,1.169,0.0856
2019-11-26,1.17,0.0855
2019-11-27,1.169,-0.0855
2019-11-28,1.169,0.0
2019-11-29,1.168,-0.0855
2019-12-02,1.168,0.0
2019-12-03,1.17,0.1712
2019-12-04,1.17,0.0
2019-12-05,1.172,0.1709
2019-12-06,1.173,0.0853
2019-12-09,1.173,0.0
2019-12-10,1.174,0.0853
2019-12-11,1.174,0.0
2019-12-12,1.174,0.0
2019-12-13,1.177,0.2555
2019-12-16,1.179,0.1699
2019-12-17,1.182,0.2545
2019-12-18,1.182,0.0
2019-12-19,1.181,-0.0846
2019-12-20,1.181,0.0
2019-12-23,1.179,-0.1693
2019-12-24,1.183,0.3393
2019-12-25,1.182,-0.0845
2019-12-26,1.185,0.2538
2019-12-27,1.186,0.0844
2019-12-30,1.191,0.4216
2019-12-31,1.193,0.1679
2020-01-02,1.198,0.4191
2020-01-03,1.196,-0.1669
2020-01-06,1.195,-0.0836
2020-01-07,1.198,0.251
2020-01-08,1.195,-0.2504
2020-01-09,1.199,0.3347
2020-01-10,1.198,-0.0834
2020-01-13,1.201,0.2504
2020-01-14,1.204,0.2498
2020-01-15,1.201,-0.2492
2020-01-16,1.198,-0.2498
2020-01-17,1.199,0.0835
2020-01-20,1.2,0.0834
2020-01-21,1.195,-0.4167
2020-01-22,1.196,0.0837
2020-01-23,1.189,-0.5853
2020-02-03,1.171,-1.5139
2020-02-04,1.176,0.427
2020-02-05,1.181,0.4252
2020-02-06,1.185,0.3387
2020-02-07,1.183,-0.1688
2020-02-10,1.186,0.2536
2020-02-11,1.188,0.1686
2020-02-12,1.193,0.4209
2020-02-13,1.193,0.0
2020-02-14,1.194,0.0838
2020-02-17,1.202,0.67
2020-02-18,1.204,0.1664
2020-02-19,1.2,-0.3322
2020-02-20,1.208,0.6667
2020-02-21,1.214,0.4967
2020-02-24,1.213,-0.0824
2020-02-25,1.209,-0.3298
2020-02-26,1.196,-1.0753
2020-02-27,1.201,0.4181
2020-02-28,1.18,-1.7485
2020-03-02,1.194,1.1864
2020-03-03,1.199,0.4188
2020-03-04,1.201,0.1668
2020-03-05,1.207,0.4996
2020-03-06,1.203,-0.3314
2020-03-09,1.191,-0.9975
2020-03-10,1.192,0.084
2020-03-11,1.191,-0.0839
2020-03-12,1.188,-0.2519
2020-03-13,1.184,-0.3367
2020-03-16,1.184,0.0
2020-03-17,1.185,0.0845
2020-03-18,1.185,0.0
2020-03-19,1.185,0.0
2020-03-20,1.186,0.0844
2020-03-23,1.185,-0.0843
2020-03-24,1.186,0.0844
2020-03-25,1.186,0.0
2020-03-26,1.187,0.0843
2020-03-27,1.187,0.0
2020-03-30,1.186,-0.0842
2020-03-31,1.186,0.0
2020-04-01,1.187,0.0843
2020-04-02,1.188,0.0842
2020-04-03,1.188,0.0
2020-04-07,1.195,0.5892
2020-04-08,1.195,0.0
2020-04-09,1.198,0.251
2020-04-10,1.195,-0.2504
2020-04-13,1.195,0.0
2020-04-14,1.2,0.4184
2020-04-15,1.196,-0.3333
2020-04-16,1.197,0.0836
2020-04-17,1.197,0.0
2020-04-20,1.198,0.0835
2020-04-21,1.195,-0.2504
2020-04-22,1.201,0.5021
2020-04-23,1.202,0.0833
2020-04-24,1.201,-0.0832
2020-04-27,1.202,0.0833
2020-04-28,1.204,0.1664
2020-04-29,1.204,0.0
2020-04-30,1.206,0.1661
2020-05-06,1.211,0.4146
2020-05-07,1.21,-0.0826
2020-05-08,1.217,0.5785
2020-05-11,1.211,-0.493
2020-05-12,1.218,0.578
2020-05-13,1.222,0.3284
2020-05-14,1.217,-0.4092
2020-05-15,1.216,-0.0822
2020-05-18,1.223,0.5757
2020-05-19,1.225,0.1635
2020-05-20,1.217,-0.6531
2020-05-21,1.216,-0.0822
2020-05-22,1.209,-0.5757
2020-05-25,1.21,0.0827
2020-05-26,1.213,0.2479
2020-05-27,1.21,-0.2473
2020-05-28,1.212,0.1653
2020-05-29,1.214,0.165
2020-06-01,1.221,0.5766
2020-06-02,1.218,-0.2457
2020-06-03,1.217,-0.0821
2020-06-04,1.218,0.0822
2020-06-05,1.217,-0.0821
2020-06-08,1.216,-0.0822
2020-06-09,1.221,0.4112
2020-06-10,1.223,0.1638
2020-06-11,1.221,-0.1635
2020-06-12,1.223,0.1638
2020-06-15,1.222,-0.0818
2020-06-16,1.228,0.491
2020-06-17,1.23,0.1629
2020-06-18,1.228,-0.1626
2020-06-19,1.238,0.8143
2020-06-22,1.238,0.0
2020-06-23,1.244,0.4847
2020-06-24,1.246,0.1608
2020-06-29,1.248,0.1605
2020-06-30,1.254,0.4808
2020-07-01,1.254,0.0
2020-07-02,1.254,0.0
2020-07-03,1.259,0.3987
2020-07-06,1.271,0.9531
2020-07-07,1.28,0.7081
2020-07-08,1.282,0.1563
2020-07-09,1.293,0.858
2020-07-10,1.297,0.3094
2020-07-13,1.313,1.2336
2020-07-14,1.311,-0.1523
2020-07-15,1.316,0.3814
2020-07-16,1.318,0.152
2020-07-17,1.324,0.4552
2020-07-20,1.33,0.4532
2020-07-21,1.336,0.4511
2020-07-22,1.343,0.524
2020-07-23,1.347,0.2978
2020-07-24,1.334,-0.9651
2020-07-27,1.338,0.2999
2020-07-28,1.342,0.299
2020-07-29,1.35,0.5961
2020-07-30,1.35,0.0
2020-07-31,1.353,0.2222
2020-08-03,1.357,0.2956
2020-08-04,1.355,-0.1474
2020-08-05,1.359,0.2952
2020-08-06,1.357,-0.1472
2020-08-07,1.355,-0.1474
2020-08-10,1.356,0.0738
2020-08-11,1.353,-0.2212
2020-08-12,1.35,-0.2217
2020-08-13,1.35,0.0
2020-08-14,1.353,0.2222
2020-08-17,1.358,0.3695
2020-08-18,1.363,0.3682
2020-08-19,1.359,-0.2935
2020-08-20,1.351,-0.5887
2020-08-21,1.356,0.3701
2020-08-24,1.367,0.81
2020-08-25,1.367,0.0
2020-08-26,1.363,-0.29
2020-08-27,1.366,0.22
2020-08-28,1.374,0.59
2020-08-31,1.372,-0.15
2020-09-01,1.374,0.15
2020-09-02,1.376,0.15
2020-09-03,1.373,-0.22
2020-09-04,1.369,-0.29
2020-09-07,1.361,-0.58
2020-09-08,1.363,0.15
2020-09-09,1.354,-0.66
2020-09-10,1.354,0.0
2020-09-11,1.357,0.22
2020-09-14,1.359,0.15
2020-09-15,1.361,0.15
2020-09-16,1.361,0.0
2020-09-17,1.363,0.15
2020-09-18,1.37,0.51
2020-09-21,1.369,-0.07
2020-09-22,1.366,-0.22
2020-09-23,1.366,0.0
2020-09-24,1.36,-0.44
2020-09-25,1.359,-0.07
2020-09-28,1.361,0.15
2020-09-29,1.362,0.07
2020-09-30,1.362,0.0
2020-10-09,1.366,0.29
2020-10-12,1.375,0.66
2020-10-13,1.379,0.29
2020-10-14,1.378,-0.07
2020-10-15,1.381,0.22
2020-10-16,1.379,-0.14
2020-10-19,1.376,-0.22
2020-10-20,1.381,0.36
2020-10-21,1.383,0.14
2020-10-22,1.38,-0.22
2020-10-23,1.371,-0.65
2020-10-26,1.374,0.22
2020-10-27,1.377,0.22
2020-10-28,1.382,0.36
2020-10-29,1.39,0.58
2020-10-30,1.381,-0.65
2020-11-02,1.389,0.58
2020-11-03,1.391,0.14
2020-11-04,1.4,0.65
2020-11-05,1.41,0.71
2020-11-06,1.41,0.0
2020-11-09,1.418,0.57
2020-11-10,1.415,-0.21
2020-11-11,1.413,-0.14
2020-11-12,1.412,-0.07
2020-11-13,1.406,-0.42
2020-11-16,1.412,0.43
2020-11-17,1.409,-0.21
2020-11-18,1.408,-0.07
2020-11-19,1.407,-0.07
2020-11-20,1.411,0.28
2020-11-23,1.416,0.35
2020-11-24,1.413,-0.21
2020-11-25,1.407,-0.42
2020-11-26,1.404,-0.21
2020-11-27,1.407,0.21
2020-11-30,1.405,-0.14
2020-12-01,1.409,0.28
2020-12-02,1.409,0.0
2020-12-03,1.406,-0.21
2020-12-04,1.41,0.28
2020-12-07,1.407,-0.21
2020-12-08,1.406,-0.07
2020-12-09,1.4,-0.43
2020-12-10,1.402,0.14
2020-12-11,1.397,-0.36
2020-12-14,1.399,0.14
2020-12-15,1.398,-0.07
2020-12-16,1.398,0.0
2020-12-17,1.403,0.36
2020-12-18,1.404,0.07
2020-12-21,1.409,0.36
2020-12-22,1.405,-0.28
2020-12-23,1.407,0.14
2020-12-24,1.403,-0.28
2020-12-25,1.407,0.29
2020-12-28,1.407,0.0
2020-12-29,1.405,-0.14
2020-12-30,1.411,0.43
2020-12-31,1.419,0.57
2021-01-04,1.426,0.49
2021-01-05,1.434,0.56
2021-01-06,1.437,0.21
2021-01-07,1.444,0.49
2021-01-08,1.44,-0.28
2021-01-11,1.436,-0.28
2021-01-12,1.444,0.56
2021-01-13,1.439,-0.35
2021-01-14,1.433,-0.42
2021-01-15,1.433,0.0
2021-01-18,1.44,0.49
2021-01-19,1.432,-0.56
2021-01-20,1.437,0.35
2021-01-21,1.449,0.84
2021-01-22,1.454,0.35
2021-01-25,1.457,0.21
2021-01-26,1.447,-0.69
2021-01-27,1.45,0.21
2021-01-28,1.438,-0.83
2021-01-29,1.437,-0.07
2021-02-01,1.444,0.49
2021-02-02,1.45,0.42
2021-02-03,1.451,0.07
2021-02-04,1.45,-0.07
2021-02-05,1.448,-0.14
2021-02-08,1.453,0.35
2021-02-09,1.459,0.41
2021-02-10,1.465,0.41
2021-02-18,1.463,-0.14
2021-02-19,1.46,-0.21
2021-02-22,1.453,-0.48
2021-02-23,1.45,-0.21
2021-02-24,1.444,-0.41
2021-02-25,1.444,0.0
2021-02-26,1.441,-0.21
2021-03-01,1.444,0.21
2021-03-02,1.442,-0.14
2021-03-03,1.445,0.21
2021-03-04,1.444,-0.07
2021-03-05,1.444,0.0
2021-03-08,1.442,-0.14
2021-03-09,1.441,-0.07
2021-03-10,1.442,0.07
2021-03-11,1.443,0.07
2021-03-12,1.444,0.07
2021-03-15,1.444,0.0
2021-03-16,1.449,0.35
2021-03-17,1.448,-0.07
2021-03-18,1.449,0.07
2021-03-19,1.443,-0.41
2021-03-22,1.446,0.21
2021-03-23,1.444,-0.14
2021-03-24,1.44,-0.28
2021-03-25,1.44,0.0
2021-03-26,1.443,0.21
2021-03-29,1.444,0.07
2021-03-30,1.445,0.07
2021-03-31,1.444,-0.07
2021-04-01,1.444,0.0
2021-04-02,1.443,-0.07
2021-04-06,1.444,0.07
2021-04-07,1.444,0.0
2021-04-08,1.443,-0.07
2021-04-09,1.442,-0.07
2021-04-12,1.441,-0.07
2021-04-13,1.44,-0.07
2021-04-14,1.441,0.07
2021-04-15,1.44,-0.07
2021-04-16,1.442,0.14
2021-04-19,1.445,0.21
2021-04-20,1.445,0.0
2021-04-21,1.444,-0.07
2021-04-22,1.444,0.0
2021-04-23,1.444,0.0
2021-04-26,1.442,-0.14
2021-04-27,1.441,-0.07
2021-04-28,1.444,0.21
2021-04-29,1.447,0.21
2021-04-30,1.444,-0.21
2021-05-06,1.446,0.14
2021-05-07,1.444,-0.14
2021-05-10,1.446,0.14
2021-05-11,1.445,-0.07
2021-05-12,1.447,0.14
2021-05-13,1.444,-0.21
2021-05-14,1.446,0.14
2021-05-17,1.448,0.14
2021-05-18,1.448,0.0
2021-05-19,1.448,0.0
2021-05-20,1.447,-0.07
2021-05-21,1.447,0.0
2021-05-24,1.447,0.0
2021-05-25,1.451,0.28
2021-05-26,1.451,0.0
2021-05-27,1.452,0.07
2021-05-28,1.451,-0.07
2021-05-31,1.453,0.14
2021-06-01,1.454,0.07
2021-06-02,1.452,-0.14
2021-06-03,1.451,-0.07
2021-06-04,1.453,0.14
2021-06-07,1.453,0.0
2021-06-08,1.45,-0.21
2021-06-09,1.45,0.0
2021-06-10,1.453,0.21
2021-06-11,1.451,-0.14
2021-06-15,1.45,-0.07
2021-06-16,1.445,-0.34
2021-06-17,1.446,0.07
2021-06-18,1.447,0.07
2021-06-21,1.448,0.07
2021-06-22,1.451,0.21
2021-06-23,1.454,0.21
2021-06-24,1.455,0.07
2021-06-25,1.457,0.14
2021-06-28,1.459,0.14
2021-06-29,1.457,-0.14
2021-06-30,1.461,0.27
2021-07-01,1.462,0.07
2021-07-02,1.458,-0.27
2021-07-05,1.458,0.0
2021-07-06,1.457,-0.07
2021-07-07,1.461,0.27
2021-07-08,1.459,-0.14
2021-07-09,1.46,0.07
2021-07-12,1.463,0.21
2021-07-13,1.464,0.07
2021-07-14,1.461,-0.2
2021-07-15,1.464,0.21
2021-07-16,1.46,-0.27
2021-07-19,1.461,0.07
2021-07-20,1.462,0.07
2021-07-21,1.468,0.41
2021-07-22,1.468,0.0
2021-07-23,1.466,-0.14
2021-07-26,1.46,-0.41
2021-07-27,1.451,-0.62
2021-07-28,1.45,-0.07
2021-07-29,1.456,0.41
2021-07-30,1.453,-0.21
2021-08-02,1.457,0.28
2021-08-03,1.457,0.0
2021-08-04,1.46,0.21
2021-08-05,1.46,0.0
2021-08-06,1.458,-0.14
2021-08-09,1.459,0.07
2021-08-10,1.459,0.0
2021-08-11,1.459,0.0
2021-08-12,1.458,-0.07
2021-08-13,1.458,0.0
2021-08-16,1.458,0.0
2021-08-17,1.454,-0.27
2021-08-18,1.456,0.14
2021-08-19,1.458,0.14
2021-08-20,1.455,-0.21
2021-08-23,1.46,0.34
2021-08-24,1.461,0.07
2021-08-25,1.461,0.0
2021-08-26,1.459,-0.14
2021-08-27,1.46,0.07
2021-08-30,1.461,0.07
2021-08-31,1.461,0.0
2021-09-01,1.462,0.07
2021-09-02,1.463,0.07
2021-09-03,1.463,0.0
2021-09-06,1.467,0.27
2021-09-07,1.468,0.07
2021-09-08,1.471,0.2
2021-09-09,1.472,0.07
2021-09-10,1.469,-0.2
2021-09-13,1.47,0.07
2021-09-14,1.464,-0.41
2021-09-15,1.462,-0.14
2021-09-16,1.458,-0.27
2021-09-17,1.459,0.07
2021-09-22,1.461,0.14
2021-09-23,1.466,0.34
2021-09-24,1.464,-0.14
2021-09-27,1.462,-0.14
2021-09-28,1.461,-0.07
2021-09-29,1.459,-0.14
2021-09-30,1.461,0.14
2021-10-08,1.463,0.14
2021-10-11,1.464,0.07
2021-10-12,1.462,-0.14
2021-10-13,1.463,0.07
2021-10-14,1.463,0.0
2021-10-15,1.464,0.07
2021-10-18,1.466,0.14
2021-10-19,1.467,0.07
2021-10-20,1.467,0.0
2021-10-21,1.465,-0.14
2021-10-22,1.463,-0.14
2021-10-25,1.468,0.34
2021-10-26,1.467,-0.07
2021-10-27,1.467,0.0
2021-10-28,1.464,-0.2
2021-10-29,1.464,0.0
2021-11-01,1.467,0.2
2021-11-02,1.465,-0.14
2021-11-03,1.466,0.07
2021-11-04,1.468,0.14
2021-11-05,1.464,-0.27
2021-11-08,1.466,0.14
2021-11-09,1.467,0.07
2021-11-10,1.468,0.07
2021-11-11,1.475,0.48
2021-11-12,1.476,0.07
2021-11-15,1.474,-0.14
2021-11-16,1.471,-0.2
2021-11-17,1.473,0.14
2021-11-18,1.471,-0.14
2021-11-19,1.477,0.41
2021-11-22,1.479,0.14
2021-11-23,1.479,0.0
2021-11-24,1.479,0.0
2021-11-25,1.478,-0.07
2021-11-26,1.478,0.0
2021-11-29,1.479,0.07
2021-11-30,1.481,0.14
2021-12-01,1.483,0.14
2021-12-02,1.484,0.07
2021-12-03,1.486,0.13
2021-12-06,1.483,-0.2
2021-12-07,1.477,-0.4
2021-12-08,1.482,0.34
2021-12-09,1.488,0.4
2021-12-10,1.488,0.0
2021-12-13,1.491,0.2
2021-12-14,1.488,-0.2
2021-12-15,1.488,0.0
2021-12-16,1.49,0.13
2021-12-17,1.487,-0.2
2021-12-20,1.481,-0.4
2021-12-21,1.487,0.41
2021-12-22,1.488,0.07
2021-12-23,1.491,0.2
2021-12-24,1.49,-0.07
2021-12-27,1.489,-0.07
2021-12-28,1.49,0.07
2021-12-29,1.49,0.0
2021-12-30,1.493,0.2
2021-12-31,1.496,0.2
2022-01-04,1.499,0.2
2022-01-05,1.493,-0.4
2022-01-06,1.496,0.2
2022-01-07,1.496,0.0
2022-01-10,1.498,0.13
2022-01-11,1.495,-0.2
2022-01-12,1.5,0.33
2022-01-13,1.496,-0.27
2022-01-14,1.494,-0.13
2022-01-17,1.497,0.2
2022-01-18,1.502,0.33
2022-01-19,1.504,0.13
2022-01-20,1.502,-0.13
2022-01-21,1.499,-0.2
2022-01-24,1.501,0.13
2022-01-25,1.492,-0.6
2022-01-26,1.494,0.13
2022-01-27,1.491,-0.2
2022-01-28,1.489,-0.13
2022-02-07,1.498,0.6
2022-02-08,1.501,0.2
2022-02-09,1.503,0.13
2022-02-10,1.504,0.07
2022-02-11,1.501,-0.2
2022-02-14,1.492,-0.6
2022-02-15,1.487,-0.34
2022-02-16,1.49,0.2
2022-02-17,1.49,0.0
2022-02-18,1.493,0.2
2022-02-21,1.493,0.0
2022-02-22,1.49,-0.2
2022-02-23,1.492,0.13
2022-02-24,1.492,0.0
2022-02-25,1.492,0.0
2022-02-28,1.494,0.13
2022-03-01,1.495,0.07
2022-03-02,1.495,0.0
2022-03-03,1.495,0.0
2022-03-04,1.492,-0.2
2022-03-07,1.487,-0.34
2022-03-08,1.481,-0.4
2022-03-09,1.478,-0.2
2022-03-10,1.48,0.14
2022-03-11,1.481,0.07
2022-03-14,1.48,-0.07
2022-03-15,1.474,-0.41
2022-03-16,1.476,0.14
2022-03-17,1.478,0.14
2022-03-18,1.48,0.14
2022-03-21,1.481,0.07
2022-03-22,1.48,-0.07
2022-03-23,1.481,0.07
2022-03-24,1.48,-0.07
2022-03-25,1.479,-0.07
2022-03-28,1.48,0.07
2022-03-29,1.481,0.07
2022-03-30,1.483,0.14
2022-03-31,1.483,0.0
2022-04-01,1.485,0.13
2022-04-06,1.486,0.07
2022-04-07,1.486,0.0
2022-04-08,1.487,0.07
2022-04-11,1.486,-0.07
2022-04-12,1.487,0.07
2022-04-13,1.487,0.0
2022-04-14,1.488,0.07
2022-04-15,1.489,0.07
2022-04-18,1.489,0.0
2022-04-19,1.489,0.0
2022-04-20,1.488,-0.07
2022-04-21,1.488,0.0
2022-04-22,1.489,0.07
2022-04-25,1.487,-0.13
2022-04-26,1.486,-0.07
2022-04-27,1.488,0.13
2022-04-28,1.488,0.0
2022-04-29,1.491,0.2
2022-05-05,1.492,0.07
2022-05-06,1.491,-0.07
2022-05-09,1.492,0.07
2022-05-10,1.492,0.0
2022-05-11,1.494,0.13
2022-05-12,1.495,0.07
2022-05-13,1.496,0.07
2022-05-16,1.495,-0.07
2022-05-17,1.496,0.07
2022-05-18,1.496,0.0
2022-05-19,1.497,0.07
2022-05-20,1.498,0.07
2022-05-23,1.499,0.07
2022-05-24,1.497,-0.13
2022-05-25,1.499,0.13
2022-05-26,1.502,0.2
2022-05-27,1.503,0.07
2022-05-30,1.502,-0.07
2022-05-31,1.501,-0.07
2022-06-01,1.501,0.0
2022-06-02,1.5,-0.07
2022-06-06,1.5,0.0
2022-06-07,1.499,-0.07
2022-06-08,1.5,0.07
2022-06-09,1.5,0.0
2022-06-10,1.502,0.13
2022-06-13,1.501,-0.07
2022-06-14,1.502,0.07
2022-06-15,1.505,0.2
2022-06-16,1.504,-0.07
2022-06-17,1.504,0.0
2022-06-20,1.503,-0.07
2022-06-21,1.502,-0.07
2022-06-22,1.499,-0.2
2022-06-23,1.501,0.13
2022-06-24,1.502,0.07
2022-06-27,1.504,0.13
2022-06-28,1.506,0.13
2022-06-29,1.504,-0.13
2022-06-30,1.507,0.2
2022-07-01,1.506,-0.07
2022-07-04,1.505,-0.07
2022-07-05,1.504,-0.07
2022-07-06,1.5,-0.27
2022-07-07,1.502,0.13
2022-07-08,1.503,0.07
2022-07-11,1.501,-0.13
2022-07-12,1.501,0.0
2022-07-13,1.502,0.07
2022-07-14,1.504,0.13
2022-07-15,1.504,0.0
2022-07-18,1.506,0.13
2022-07-19,1.509,0.2
2022-07-20,1.512,0.2
2022-07-21,1.51,-0.13
2022-07-22,1.509,-0.07
2022-07-25,1.507,-0.13
2022-07-26,1.51,0.2
2022-07-27,1.512,0.13
2022-07-28,1.513,0.07
2022-07-29,1.513,0.0
2022-08-01,1.515,0.13
2022-08-02,1.511,-0.26
2022-08-03,1.508,-0.2
2022-08-04,1.508,0.0
2022-08-05,1.511,0.2
2022-08-08,1.513,0.13
2022-08-09,1.513,0.0
2022-08-10,1.511,-0.13
2022-08-11,1.515,0.26
2022-08-12,1.516,0.07
2022-08-15,1.518,0.13
2022-08-16,1.518,0.0
2022-08-17,1.519,0.07
2022-08-18,1.517,-0.13
2022-08-19,1.516,-0.07
2022-08-22,1.518,0.13
2022-08-23,1.517,-0.07
2022-08-24,1.514,-0.2
2022-08-25,1.516,0.13
2022-08-26,1.516,0.0
2022-08-29,1.517,0.07
2022-08-30,1.518,0.07
2022-08-31,1.516,-0.13
2022-09-01,1.516,0.0
2022-09-02,1.516,0.0
2022-09-05,1.518,0.13
2022-09-06,1.52,0.13
2022-09-07,1.521,0.07
2022-09-08,1.521,0.0
2022-09-09,1.521,0.0
2022-09-13,1.521,0.0
2022-09-14,1.52,-0.07
2022-09-15,1.516,-0.26
2022-09-16,1.512,-0.26
2022-09-19,1.512,0.0
2022-09-20,1.513,0.07
2022-09-21,1.514,0.07
2022-09-22,1.514,0.0
2022-09-23,1.513,-0.07
2022-09-26,1.512,-0.07
2022-09-27,1.514,0.13
2022-09-28,1.51,-0.26
2022-09-29,1.509,-0.07
2022-09-30,1.508,-0.07
2022-10-10,1.507,-0.07
2022-10-11,1.508,0.07
2022-10-12,1.51,0.13
2022-10-13,1.51,0.0
2022-10-14,1.514,0.26
2022-10-17,1.514,0.0
2022-10-18,1.513,-0.07
2022-10-19,1.511,-0.13
2022-10-20,1.508,-0.2
2022-10-21,1.508,0.0
2022-10-24,1.505,-0.2
2022-10-25,1.505,0.0
2022-10-26,1.505,0.0
2022-10-27,1.503,-0.13
2022-10-28,1.498,-0.33
2022-10-31,1.497,-0.07
2022-11-01,1.501,0.27
2022-11-02,1.504,0.2
2022-11-03,1.504,0.0
2022-11-04,1.508,0.27
2022-11-07,1.509,0.07
2022-11-08,1.507,-0.13
2022-11-09,1.507,0.0
2022-11-10,1.505,-0.13
2022-11-11,1.507,0.13
2022-11-14,1.504,-0.2
2022-11-15,1.505,0.07
2022-11-16,1.501,-0.27
2022-11-17,1.5,-0.07
2022-11-18,1.499,-0.07
2022-11-21,1.499,0.0
2022-11-22,1.5,0.07
2022-11-23,1.502,0.13
2022-11-24,1.504,0.13
2022-11-25,1.505,0.07
2022-11-28,1.504,-0.07
2022-11-29,1.506,0.13
2022-11-30,1.507,0.07
2022-12-01,1.507,0.0
2022-12-02,1.507,0.0
2022-12-05,1.51,0.2
2022-12-06,1.51,0.0
2022-12-07,1.508,-0.13
2022-12-08,1.506,-0.13
2022-12-09,1.506,0.0
2022-12-12,1.503,-0.2
2022-12-13,1.5,-0.2
2022-12-14,1.499,-0.07
2022-12-15,1.499,0.0
2022-12-16,1.499,0.0
2022-12-19,1.496,-0.2
2022-12-20,1.494,-0.13
2022-12-21,1.493,-0.07
2022-12-22,1.492,-0.07
2022-12-23,1.491,-0.07
2022-12-26,1.494,0.2
2022-12-27,1.496,0.13
2022-12-28,1.495,-0.07
2022-12-29,1.494,-0.07
2022-12-30,1.495,0.07
2022-12-31,1.495,0.0
2023-01-03,1.496,0.07
2023-01-04,1.497,0.07
2023-01-05,1.501,0.27
2023-01-06,1.502,0.07
2023-01-09,1.502,0.0
2023-01-10,1.501,-0.07
2023-01-11,1.501,0.0
2023-01-12,1.501,0.0
2023-01-13,1.503,0.13
2023-01-16,1.505,0.13
2023-01-17,1.506,0.07
2023-01-18,1.508,0.13
2023-01-19,1.509,0.07
2023-01-20,1.512,0.2
2023-01-30,1.514,0.13
2023-01-31,1.512,-0.13
2023-02-01,1.516,0.26
2023-02-02,1.517,0.07
2023-02-03,1.515,-0.13
2023-02-06,1.512,-0.2
2023-02-07,1.514,0.13
2023-02-08,1.513,-0.07
2023-02-09,1.519,0.4
2023-02-10,1.519,0.0
2023-02-13,1.522,0.2
2023-02-14,1.523,0.07
2023-02-15,1.521,-0.13
2023-02-16,1.517,-0.26
2023-02-17,1.515,-0.13
2023-02-20,1.519,0.26
2023-02-21,1.521,0.13
2023-02-22,1.52,-0.07
2023-02-23,1.52,0.0
2023-02-24,1.519,-0.07
2023-02-27,1.517,-0.13
2023-02-28,1.518,0.07
2023-03-01,1.52,0.13
2023-03-02,1.521,0.07
2023-03-03,1.522,0.07
2023-03-06,1.522,0.0
2023-03-07,1.519,-0.2
2023-03-08,1.518,-0.07
2023-03-09,1.518,0.0
2023-03-10,1.515,-0.2
2023-03-13,1.516,0.07
2023-03-14,1.513,-0.2
2023-03-15,1.515,0.13
2023-03-16,1.511,-0.26
2023-03-17,1.512,0.07
2023-03-20,1.512,0.0
2023-03-21,1.514,0.13
2023-03-22,1.515,0.07
2023-03-23,1.517,0.13
2023-03-24,1.516,-0.07
2023-03-27,1.516,0.0
2023-03-28,1.514,-0.13
2023-03-29,1.513,-0.07
2023-03-30,1.514,0.07
2023-03-31,1.516,0.13
2023-04-03,1.518,0.13
2023-04-04,1.518,0.0
2023-04-06,1.519,0.07
2023-04-07,1.523,0.26
2023-04-10,1.522,-0.07
2023-04-11,1.521,-0.07
2023-04-12,1.522,0.07
2023-04-13,1.521,-0.07
2023-04-14,1.524,0.2
2023-04-17,1.527,0.2
2023-04-18,1.527,0.0
2023-04-19,1.524,-0.2
2023-04-20,1.522,-0.13
2023-04-21,1.515,-0.46
2023-04-24,1.511,-0.26
2023-04-25,1.508,-0.2
2023-04-26,1.511,0.2
2023-04-27,1.514,0.2
2023-04-28,1.516,0.13
2023-05-04,1.52,0.26
2023-05-05,1.518,-0.13
2023-05-08,1.521,0.2
2023-05-09,1.519,-0.13
2023-05-10,1.517,-0.13
2023-05-11,1.518,0.07
2023-05-12,1.514,-0.26
2023-05-15,1.515,0.07
2023-05-16,1.515,0.0
2023-05-17,1.516,0.07
2023-05-18,1.516,0.0
2023-05-19,1.516,0.0
2023-05-22,1.517,0.07
2023-05-23,1.517,0.0
2023-05-24,1.515,-0.13
2023-05-25,1.515,0.0
2023-05-26,1.516,0.07
2023-05-29,1.516,0.0
2023-05-30,1.515,-0.07
2023-05-31,1.514,-0.07
2023-06-01,1.514,0.0
2023-06-02,1.518,0.26
2023-06-05,1.519,0.07
2023-06-06,1.516,-0.2
2023-06-07,1.516,0.0
2023-06-08,1.518,0.13
2023-06-09,1.519,0.07
2023-06-12,1.52,0.07
2023-06-13,1.519,-0.07
2023-06-14,1.52,0.07
2023-06-15,1.522,0.13
2023-06-16,1.522,0.0
2023-06-19,1.52,-0.13
2023-06-20,1.519,-0.07
2023-06-21,1.517,-0.13
2023-06-26,1.515,-0.13
2023-06-27,1.518,0.2
2023-06-28,1.518,0.0
2023-06-29,1.517,-0.07
2023-06-30,1.519,0.13
2023-07-03,1.522,0.2
2023-07-04,1.521,-0.07
2023-07-05,1.52,-0.07
2023-07-06,1.519,-0.07
2023-07-07,1.519,0.0
2023-07-10,1.52,0.07
2023-07-11,1.521,0.07
2023-07-12,1.52,-0.07
2023-07-13,1.522,0.13
2023-07-14,1.522,0.0
2023-07-17,1.522,0.0
2023-07-18,1.522,0.0
2023-07-19,1.522,0.0
2023-07-20,1.521,-0.07
2023-07-21,1.521,0.0
2023-07-24,1.522,0.07
2023-07-25,1.526,0.26
2023-07-26,1.527,0.07
2023-07-27,1.527,0.0
2023-07-28,1.53,0.2
2023-07-31,1.531,0.07
2023-08-01,1.531,0.0
2023-08-02,1.53,-0.07
2023-08-03,1.531,0.07
2023-08-04,1.531,0.0
2023-08-07,1.529,-0.13
2023-08-08,1.529,0.0
2023-08-09,1.528,-0.07
2023-08-10,1.528,0.0
2023-08-11,1.526,-0.13
2023-08-14,1.526,0.0
2023-08-15,1.526,0.0
2023-08-16,1.525,-0.07
2023-08-17,1.526,0.07
2023-08-18,1.524,-0.13
2023-08-21,1.523,-0.07
2023-08-22,1.522,-0.07
2023-08-23,1.52,-0.13
2023-08-24,1.519,-0.07
2023-08-25,1.517,-0.13
2023-08-28,1.519,0.13
2023-08-29,1.522,0.2
2023-08-30,1.522,0.0
2023-08-31,1.521,-0.07
2023-09-01,1.523,0.13
2023-09-04,1.525,0.13
2023-09-05,1.524,-0.07
2023-09-06,1.523,-0.07
2023-09-07,1.52,-0.2
2023-09-08,1.518,-0.13
2023-09-11,1.519,0.07
2023-09-12,1.519,0.0
2023-09-13,1.519,0.0
2023-09-14,1.519,0.0
2023-09-15,1.519,0.0
2023-09-18,1.519,0.0
2023-09-19,1.52,0.07
2023-09-20,1.518,-0.13
2023-09-21,1.517,-0.07
2023-09-22,1.518,0.07
2023-09-25,1.517,-0.07
2023-09-26,1.515,-0.13
2023-09-27,1.515,0.0
2023-09-28,1.517,0.13
2023-10-09,1.517,0.0
2023-10-10,1.515,-0.13
2023-10-11,1.512,-0.2
2023-10-12,1.514,0.13
2023-10-13,1.512,-0.13
2023-10-16,1.512,0.0
2023-10-17,1.511,-0.07
2023-10-18,1.509,-0.13
2023-10-19,1.504,-0.33
2023-10-20,1.504,0.0
2023-10-23,1.499,-0.33
2023-10-24,1.504,0.33
2023-10-25,1.505,0.07
2023-10-26,1.506,0.07
2023-10-27,1.511,0.33
2023-10-30,1.51,-0.07
2023-10-31,1.51,0.0
2023-11-01,1.509,-0.07
2023-11-02,1.508,-0.07
2023-11-03,1.508,0.0
2023-11-06,1.507,-0.07
2023-11-07,1.506,-0.07
2023-11-08,1.505,-0.07
2023-11-09,1.507,0.13
2023-11-10,1.505,-0.13
2023-11-13,1.507,0.13
2023-11-14,1.507,0.0
2023-11-15,1.51,0.2
2023-11-16,1.511,0.07
2023-11-17,1.511,0.0
2023-11-20,1.511,0.0
2023-11-21,1.511,0.0
2023-11-22,1.509,-0.13
2023-11-23,1.509,0.0
2023-11-24,1.509,0.0
2023-11-27,1.509,0.0
2023-11-28,1.509,0.0
2023-11-29,1.51,0.07
2023-11-30,1.51,0.0
2023-12-01,1.511,0.07
2023-12-04,1.512,0.07
2023-12-05,1.508,-0.26
2023-12-06,1.507,-0.07
2023-12-07,1.507,0.0
2023-12-08,1.508,0.07
2023-12-11,1.508,0.0
2023-12-12,1.509,0.07
2023-12-13,1.507,-0.13
2023-12-14,1.507,0.0
2023-12-15,1.507,0.0
2023-12-18,1.506,-0.07
2023-12-19,1.506,0.0
2023-12-20,1.505,-0.07
2023-12-21,1.507,0.13
2023-12-22,1.508,0.07
2023-12-25,1.51,0.13
2023-12-26,1.51,0.0
2023-12-27,1.513,0.2
2023-12-28,1.516,0.2
2023-12-29,1.518,0.13
2023-12-31,1.518,0.0
2024-01-02,1.52,0.13
2024-01-03,1.52,0.0
2024-01-04,1.521,0.07
2024-01-05,1.521,0.0
2024-01-08,1.518,-0.2
2024-01-09,1.519,0.07
2024-01-10,1.519,0.0
2024-01-11,1.518,-0.07
2024-01-12,1.52,0.13
2024-01-15,1.521,0.07
2024-01-16,1.521,0.0
2024-01-17,1.518,-0.2
2024-01-18,1.517,-0.07
2024-01-19,1.516,-0.07
2024-01-22,1.511,-0.33
2024-01-23,1.512,0.07
2024-01-24,1.515,0.2
2024-01-25,1.522,0.46
2024-01-26,1.526,0.26
2024-01-29,1.526,0.0
2024-01-30,1.526,0.0
2024-01-31,1.527,0.07
2024-02-01,1.524,-0.2
2024-02-02,1.525,0.07
2024-02-05,1.528,0.2
2024-02-06,1.528,0.0
2024-02-07,1.53,0.13
2024-02-08,1.531,0.07
2024-02-19,1.539,0.52
2024-02-20,1.541,0.13
2024-02-21,1.542,0.06
2024-02-22,1.546,0.26
2024-02-23,1.547,0.06
2024-02-26,1.544,-0.19
2024-02-27,1.545,0.06
2024-02-28,1.545,0.0
2024-02-29,1.546,0.06
2024-03-01,1.545,-0.06
2024-03-04,1.55,0.32
2024-03-05,1.552,0.13
2024-03-06,1.554,0.13
2024-03-07,1.555,0.06
2024-03-08,1.556,0.06
2024-03-11,1.554,-0.13
2024-03-12,1.548,-0.39
2024-03-13,1.548,0.0
2024-03-14,1.548,0.0
2024-03-15,1.549,0.06
2024-03-18,1.55,0.06
2024-03-19,1.55,0.0
2024-03-20,1.551,0.06
2024-03-21,1.552,0.06
2024-03-22,1.551,-0.06
2024-03-25,1.552,0.06
2024-03-26,1.551,-0.06
2024-03-27,1.552,0.06
2024-03-28,1.552,0.0
2024-03-29,1.556,0.26
2024-04-01,1.556,0.0
2024-04-02,1.558,0.13
2024-04-03,1.559,0.06
2024-04-08,1.56,0.06
2024-04-09,1.56,0.0
2024-04-10,1.56,0.0
2024-04-11,1.561,0.06
2024-04-12,1.562,0.06
2024-04-15,1.565,0.19
2024-04-16,1.565,0.0
2024-04-17,1.566,0.06
2024-04-18,1.565,-0.06
2024-04-19,1.568,0.19
2024-04-22,1.566,-0.13
2024-04-23,1.565,-0.06
2024-04-24,1.564,-0.06
2024-04-25,1.5633,-0.04
2024-04-26,1.5599,-0.22
2024-04-29,1.5576,-0.15
2024-04-30,1.5581,0.03
2024-05-06,1.5605,0.15
2024-05-07,1.5609,0.03
2024-05-08,1.5609,0.0
2024-05-09,1.5631,0.14
2024-05-10,1.5636,0.03
2024-05-13,1.5669,0.21
2024-05-14,1.5677,0.05
2024-05-15,1.566,-0.11
2024-05-16,1.5646,-0.09
2024-05-17,1.5641,-0.03
2024-05-20,1.5658,0.11
2024-05-21,1.5654,-0.03
2024-05-22,1.5661,0.04
2024-05-23,1.5647,-0.09
2024-05-24,1.5659,0.08
2024-05-27,1.5685,0.17
2024-05-28,1.5687,0.01
2024-05-29,1.5698,0.07
2024-05-30,1.5686,-0.08
2024-05-31,1.569,0.03
2024-06-03,1.569,0.0
2024-06-04,1.5709,0.12
2024-06-05,1.5697,-0.08
2024-06-06,1.5706,0.06
2024-06-07,1.5715,0.06
2024-06-11,1.5699,-0.1
2024-06-12,1.5716,0.11
2024-06-13,1.5705,-0.07
2024-06-14,1.5693,-0.08
2024-06-17,1.5656,-0.24
2024-06-18,1.5656,0.0
2024-06-19,1.564,-0.1
2024-06-20,1.5636,-0.03
2024-06-21,1.5632,-0.03
2024-06-24,1.5622,-0.06
2024-06-25,1.5628,0.04
2024-06-26,1.5635,0.04
2024-06-27,1.5632,-0.02
2024-06-28,1.5672,0.26
2024-06-30,1.5673,0.01
2024-07-01,1.5712,0.25
2024-07-02,1.5712,0.0
2024-07-03,1.5711,-0.01
2024-07-04,1.5711,0.0
2024-07-05,1.5702,-0.06
2024-07-08,1.5698,-0.03
2024-07-09,1.5718,0.13
2024-07-10,1.5695,-0.15
2024-07-11,1.5691,-0.03
2024-07-12,1.5682,-0.06
2024-07-15,1.5702,0.13
2024-07-16,1.5696,-0.04
2024-07-17,1.5663,-0.21
2024-07-18,1.5687,0.15
2024-07-19,1.5682,-0.03
2024-07-22,1.5669,-0.08
2024-07-23,1.5648,-0.13
2024-07-24,1.5671,0.15
2024-07-25,1.5657,-0.09
2024-07-26,1.5669,0.08
2024-07-29,1.5682,0.08
2024-07-30,1.5658,-0.15
2024-07-31,1.568,0.14
2024-08-01,1.5675,-0.03
2024-08-02,1.5668,-0.04
2024-08-05,1.5644,-0.15
2024-08-06,1.5639,-0.03
2024-08-07,1.5655,0.1
2024-08-08,1.5648,-0.04
2024-08-09,1.5641,-0.04
2024-08-12,1.5623,-0.12
2024-08-13,1.563,0.04
2024-08-14,1.5636,0.04
2024-08-15,1.5643,0.04
2024-08-16,1.5639,-0.03
2024-08-19,1.5646,0.04
2024-08-20,1.5622,-0.15
2024-08-21,1.561,-0.08
2024-08-22,1.5608,-0.01
2024-08-23,1.5602,-0.04
2024-08-26,1.5593,-0.06
2024-08-27,1.557,-0.15
2024-08-28,1.5579,0.06
2024-08-29,1.5586,0.04
2024-08-30,1.5604,0.12
2024-09-02,1.5602,-0.01
2024-09-03,1.5603,0.01
2024-09-04,1.5591,-0.08
2024-09-05,1.5594,0.02
2024-09-06,1.5584,-0.06
2024-09-09,1.557,-0.09
2024-09-10,1.5566,-0.03
2024-09-11,1.5549,-0.11
2024-09-12,1.556,0.07
2024-09-13,1.5578,0.12
2024-09-18,1.5588,0.06
2024-09-19,1.5583,-0.03
2024-09-20,1.5582,-0.01
2024-09-23,1.5598,0.1
2024-09-24,1.5642,0.28
2024-09-25,1.5644,0.01
2024-09-26,1.5644,0.0
2024-09-27,1.5617,-0.17
2024-09-30,1.5625,0.05
2024-10-08,1.5604,-0.13
2024-10-09,1.5568,-0.23
2024-10-10,1.5593,0.16
2024-10-11,1.5629,0.23
2024-10-14,1.5669,0.26
2024-10-15,1.5682,0.08
2024-10-16,1.5686,0.03
2024-10-17,1.5692,0.04
2024-10-18,1.5691,-0.01
2024-10-21,1.5695,0.03
2024-10-22,1.5682,-0.08
2024-10-23,1.5667,-0.1
2024-10-24,1.5664,-0.02
2024-10-25,1.5658,-0.04
2024-10-28,1.5646,-0.08
2024-10-29,1.5649,0.02
2024-10-30,1.5643,-0.04
2024-10-31,1.5644,0.01
2024-11-01,1.5662,0.12
2024-11-04,1.567,0.05
2024-11-05,1.5676,0.04
2024-11-06,1.5678,0.01
2024-11-07,1.5696,0.11
2024-11-08,1.568,-0.1
2024-11-11,1.569,0.06
2024-11-12,1.568,-0.06
2024-11-13,1.5684,0.03
2024-11-14,1.5653,-0.2
2024-11-15,1.5629,-0.15
2024-11-18,1.5613,-0.1
2024-11-19,1.5637,0.15
2024-11-20,1.5645,0.05
2024-11-21,1.5647,0.01
2024-11-22,1.5618,-0.19
2024-11-25,1.563,0.08
2024-11-26,1.5629,-0.01
2024-11-27,1.5645,0.1
2024-11-28,1.5643,-0.01
2024-11-29,1.5669,0.17
2024-12-02,1.5711,0.27
2024-12-03,1.5713,0.01
2024-12-04,1.571,-0.02
2024-12-05,1.5723,0.08
2024-12-06,1.5739,0.1
2024-12-09,1.5739,0.0
2024-12-10,1.5766,0.17
2024-12-11,1.5783,0.11
2024-12-12,1.58,0.11
2024-12-13,1.579,-0.06
2024-12-16,1.5802,0.08
2024-12-17,1.5788,-0.09
2024-12-18,1.5776,-0.08
2024-12-19,1.5779,0.02
2024-12-20,1.58,0.13
2024-12-23,1.5792,-0.05
2024-12-24,1.5802,0.06
2024-12-25,1.5795,-0.04
2024-12-26,1.5815,0.13
2024-12-27,1.5816,0.01
2024-12-30,1.5804,-0.08
2024-12-31,1.5793,-0.07
2025-01-02,1.5791,-0.01
2025-01-03,1.5787,-0.03
2025-01-06,1.5799,0.08
2025-01-07,1.58,0.01
2025-01-08,1.5799,-0.01
2025-01-09,1.5779,-0.13
2025-01-10,1.5753,-0.16
2025-01-13,1.5739,-0.09
2025-01-14,1.5771,0.2
2025-01-15,1.577,-0.01
2025-01-16,1.5762,-0.05
2025-01-17,1.5752,-0.06
2025-01-20,1.5748,-0.03
2025-01-21,1.575,0.01
2025-01-22,1.5753,0.02
2025-01-23,1.5748,-0.03
2025-01-24,1.5745,-0.02
2025-01-27,1.5764,0.12
2025-02-05,1.5771,0.04
2025-02-06,1.5784,0.08
2025-02-07,1.5795,0.07
2025-02-10,1.5787,-0.05
2025-02-11,1.5787,0.0
2025-02-12,1.5775,-0.08
2025-02-13,1.5773,-0.01
2025-02-14,1.5771,-0.01
2025-02-17,1.5758,-0.08
2025-02-18,1.5751,-0.04
2025-02-19,1.5763,0.08
2025-02-20,1.5751,-0.08
2025-02-21,1.5719,-0.2
2025-02-24,1.571,-0.06
2025-02-25,1.5698,-0.08
2025-02-26,1.5707,0.06
2025-02-27,1.5701,-0.04
2025-02-28,1.5693,-0.05
2025-03-03,1.5698,0.03
2025-03-04,1.5711,0.08
2025-03-05,1.5721,0.06
2025-03-06,1.5706,-0.1
2025-03-07,1.568,-0.17
2025-03-10,1.5667,-0.08
2025-03-11,1.5648,-0.12
2025-03-12,1.5655,0.04
2025-03-13,1.5675,0.13
2025-03-14,1.5702,0.17
2025-03-17,1.5696,-0.04
2025-03-18,1.5718,0.14
2025-03-19,1.5727,0.06
2025-03-20,1.5735,0.05
2025-03-21,1.5743,0.05
2025-03-24,1.5748,0.03
2025-03-25,1.5765,0.11
2025-03-26,1.5766,0.01
2025-03-27,1.5764,-0.01
2025-03-28,1.5775,0.07
2025-03-31,1.5792,0.11
2025-04-01,1.5805,0.08
2025-04-02,1.5808,0.02
2025-04-03,1.5824,0.1
2025-04-07,1.5762,-0.39
2025-04-08,1.576,-0.01
2025-04-09,1.5779,0.12
2025-04-10,1.5815,0.23
2025-04-11,1.584,0.16
2025-04-14,1.5877,0.23
2025-04-15,1.5883,0.04
2025-04-16,1.5904,0.13
2025-04-17,1.5886,-0.11
2025-04-18,1.5871,-0.09
2025-04-21,1.5917,0.29
2025-04-22,1.592,0.02
2025-04-23,1.5872,-0.3
2025-04-24,1.5862,-0.06
2025-04-25,1.5855,-0.04
2025-04-28,1.585,-0.03
2025-04-29,1.5855,0.03
2025-04-30,1.5858,0.02
2025-05-06,1.5883,0.16
2025-05-07,1.589,0.04
2025-05-08,1.5895,0.03
2025-05-09,1.5905,0.06
2025-05-12,1.5903,-0.01
2025-05-13,1.5909,0.04
2025-05-14,1.5904,-0.03
2025-05-15,1.5903,-0.01
2025-05-16,1.5903,0.0
2025-05-19,1.591,0.04
2025-05-20,1.5924,0.09
2025-05-21,1.5942,0.11
2025-05-22,1.5937,-0.03
2025-05-23,1.5947,0.06
2025-05-26,1.5948,0.01
2025-05-27,1.5934,-0.09
2025-05-28,1.5932,-0.01
2025-05-29,1.5922,-0.06
2025-05-30,1.592,-0.01
2025-06-03,1.5936,0.1
2025-06-04,1.5937,0.01
2025-06-05,1.5936,-0.01
2025-06-06,1.5952,0.1
2025-06-09,1.5953,0.01
2025-06-10,1.5954,0.01
2025-06-11,1.5965,0.07
2025-06-12,1.5965,0.0
2025-06-13,1.5982,0.11
2025-06-16,1.5969,-0.08
2025-06-17,1.5965,-0.03
2025-06-18,1.5963,-0.01
2025-06-19,1.5955,-0.05
2025-06-20,1.5945,-0.06
2025-06-23,1.5948,0.02
2025-06-24,1.5945,-0.02
2025-06-25,1.595,0.03
2025-06-26,1.5944,-0.04
2025-06-27,1.5943,-0.01
2025-06-30,1.5952,0.06
2025-07-01,1.5964,0.08
2025-07-02,1.5972,0.05
2025-07-03,1.5978,0.04
2025-07-04,1.5982,0.03
2025-07-07,1.598,-0.01
2025-07-08,1.5989,0.06
2025-07-09,1.5978,-0.07
2025-07-10,1.5977,-0.01
2025-07-11,1.598,0.02
2025-07-14,1.5984,0.03
2025-07-15,1.5997,0.08
2025-07-16,1.5996,-0.01
2025-07-17,1.6007,0.07
2025-07-18,1.6008,0.01
2025-07-21,1.6023,0.09
2025-07-22,1.6031,0.05
2025-07-23,1.6005,-0.16
2025-07-24,1.5993,-0.07
2025-07-25,1.5981,-0.08
2025-07-28,1.5992,0.07
2025-07-29,1.5997,0.03
2025-07-30,1.5989,-0.05
2025-07-31,1.5961,-0.18
2025-08-01,1.5955,-0.04
2025-08-04,1.6019,0.4
2025-08-05,1.6053,0.21
2025-08-06,1.6078,0.16
2025-08-07,1.6077,-0.01
2025-08-08,1.6072,-0.03
2025-08-11,1.6087,0.09
2025-08-12,1.6089,0.01
2025-08-13,1.6105,0.1
2025-08-14,1.6092,-0.08
2025-08-15,1.6155,0.39
2025-08-18,1.6182,0.17
2025-08-19,1.6153,-0.18
2025-08-20,1.6204,0.32
2025-08-21,1.6198,-0.04
2025-08-22,1.6295,0.6
2025-08-25,1.6367,0.44
2025-08-26,1.639,0.14
2025-08-27,1.6346,-0.27
2025-08-28,1.6427,0.5
2025-08-29,1.6403,-0.15
2025-09-01,1.6476,0.45
2025-09-02,1.6412,-0.39
2025-09-03,1.6359,-0.32
2025-09-04,1.6257,-0.62
2025-09-05,1.6365,0.66
2025-09-08,1.6387,0.13
2025-09-09,1.6368,-0.12
2025-09-10,1.6362,-0.04
2025-09-11,1.6436,0.45
2025-09-12,1.6453,0.1
2025-09-15,1.647,0.1
2025-09-16,1.6497,0.16
2025-09-17,1.6528,0.19
2025-09-18,1.648,-0.29
2025-09-19,1.6451,-0.18
2025-09-22,1.6497,0.28
2025-09-23,1.6472,-0.15
2025-09-24,1.6508,0.22
2025-09-25,1.65,-0.05
2025-09-26,1.645,-0.3
