净值日期,累计净值
2015-08-14,1.0
2015-08-17,1.0
2015-08-18,1.0
2015-08-19,1.0
2015-08-20,1.0
2015-08-21,1.0
2015-08-24,1.0
2015-08-25,1.0
2015-08-26,1.0
2015-08-27,1.0
2015-08-28,1.0
2015-08-31,1.0
2015-09-01,1.0
2015-09-02,1.0
2015-09-07,1.0
2015-09-08,1.0
2015-09-09,1.0
2015-09-10,1.0
2015-09-11,1.0
2015-09-14,1.0
2015-09-15,1.0
2015-09-16,1.0
2015-09-17,1.0
2015-09-18,1.0
2015-09-21,1.0
2015-09-22,1.0
2015-09-23,1.0
2015-09-24,1.0
2015-09-25,1.0
2015-09-28,1.0
2015-09-29,1.0
2015-09-30,1.0
2015-10-08,1.0
2015-10-09,1.001
2015-10-12,1.001
2015-10-13,1.001
2015-10-14,1.001
2015-10-15,1.002
2015-10-16,1.002
2015-10-19,1.002
2015-10-20,1.002
2015-10-21,1.001
2015-10-22,1.002
2015-10-23,1.002
2015-10-26,1.002
2015-10-27,1.003
2015-10-28,1.003
2015-10-29,1.003
2015-10-30,1.003
2015-11-02,1.003
2015-11-03,1.003
2015-11-04,1.004
2015-11-05,1.004
2015-11-06,1.011
2015-11-09,1.011
2015-11-10,1.012
2015-11-11,1.012
2015-11-12,1.012
2015-11-13,1.01
2015-11-16,1.01
2015-11-17,1.01
2015-11-18,1.009
2015-11-19,1.01
2015-11-20,1.011
2015-11-23,1.011
2015-11-24,1.011
2015-11-25,1.011
2015-11-26,1.011
2015-11-27,1.011
2015-11-30,1.012
2015-12-01,1.011
2015-12-02,1.011
2015-12-03,1.012
2015-12-04,1.011
2015-12-07,1.012
2015-12-08,1.011
2015-12-09,1.011
2015-12-10,1.011
2015-12-11,1.011
2015-12-14,1.012
2015-12-15,1.012
2015-12-16,1.012
2015-12-17,1.012
2015-12-18,1.012
2015-12-21,1.013
2015-12-22,1.013
2015-12-23,1.013
2015-12-24,1.013
2015-12-25,1.013
2015-12-28,1.013
2015-12-29,1.013
2015-12-30,1.014
2015-12-31,1.014
2016-01-04,1.012
2016-01-05,1.013
2016-01-06,1.013
2016-01-07,1.012
2016-01-08,1.013
2016-01-11,1.013
2016-01-12,1.013
2016-01-13,1.012
2016-01-14,1.013
2016-01-15,1.012
2016-01-18,1.013
2016-01-19,1.014
2016-01-20,1.014
2016-01-21,1.013
2016-01-22,1.013
2016-01-25,1.014
2016-01-26,1.013
2016-01-27,1.013
2016-01-28,1.012
2016-01-29,1.012
2016-02-01,1.012
2016-02-02,1.013
2016-02-03,1.013
2016-02-04,1.014
2016-02-05,1.014
2016-02-15,1.014
2016-02-16,1.015
2016-02-17,1.016
2016-02-18,1.016
2016-02-19,1.017
2016-02-22,1.017
2016-02-23,1.017
2016-02-24,1.016
2016-02-25,1.015
2016-02-26,1.014
2016-02-29,1.013
2016-03-01,1.014
2016-03-02,1.015
2016-03-03,1.015
2016-03-04,1.015
2016-03-07,1.015
2016-03-08,1.015
2016-03-09,1.015
2016-03-10,1.015
2016-03-11,1.015
2016-03-14,1.016
2016-03-15,1.016
2016-03-16,1.016
2016-03-17,1.017
2016-03-18,1.017
2016-03-21,1.018
2016-03-22,1.018
2016-03-23,1.018
2016-03-24,1.017
2016-03-25,1.018
2016-03-28,1.018
2016-03-29,1.018
2016-03-30,1.02
2016-03-31,1.02
2016-04-01,1.0201
2016-04-05,1.0212
2016-04-06,1.0221
2016-04-07,1.0227
2016-04-08,1.0226
2016-04-11,1.0235
2016-04-12,1.023
2016-04-13,1.0231
2016-04-14,1.024
2016-04-15,1.0241
2016-04-18,1.0231
2016-04-19,1.0233
2016-04-20,1.0216
2016-04-21,1.0204
2016-04-22,1.0204
2016-04-25,1.0196
2016-04-26,1.02
2016-04-27,1.0199
2016-04-28,1.0202
2016-04-29,1.0195
2016-05-03,1.021
2016-05-04,1.0212
2016-05-05,1.0219
2016-05-06,1.0205
2016-05-09,1.0195
2016-05-10,1.0197
2016-05-11,1.0197
2016-05-12,1.0193
2016-05-13,1.0193
2016-05-16,1.0199
2016-05-17,1.0199
2016-05-18,1.0187
2016-05-19,1.0188
2016-05-20,1.0193
2016-05-23,1.02
2016-05-24,1.02
2016-05-25,1.0201
2016-05-26,1.0204
2016-05-27,1.0208
2016-05-30,1.021
2016-05-31,1.0227
2016-06-01,1.0227
2016-06-02,1.0232
2016-06-03,1.0237
2016-06-06,1.0244
2016-06-07,1.0252
2016-06-08,1.025
2016-06-13,1.0229
2016-06-14,1.0232
2016-06-15,1.0246
2016-06-16,1.0246
2016-06-17,1.0253
2016-06-20,1.026
2016-06-21,1.0257
2016-06-22,1.0264
2016-06-23,1.0266
2016-06-24,1.0264
2016-06-27,1.0279
2016-06-28,1.0293
2016-06-29,1.0304
2016-06-30,1.0301
2016-07-01,1.0307
2016-07-04,1.0319
2016-07-05,1.0326
2016-07-06,1.0335
2016-07-07,1.0337
2016-07-08,1.0344
2016-07-11,1.0342
2016-07-12,1.0349
2016-07-13,1.0351
2016-07-14,1.0352
2016-07-15,1.0356
2016-07-18,1.0353
2016-07-19,1.0355
2016-07-20,1.0354
2016-07-21,1.0351
2016-07-22,1.0349
2016-07-25,1.0356
2016-07-26,1.0362
2016-07-27,1.0342
2016-07-28,1.0344
2016-07-29,1.0344
2016-08-01,1.0336
2016-08-02,1.034
2016-08-03,1.0344
2016-08-04,1.0349
2016-08-05,1.035
2016-08-08,1.0359
2016-08-09,1.0369
2016-08-10,1.0371
2016-08-11,1.0368
2016-08-12,1.038
2016-08-15,1.0394
2016-08-16,1.0395
2016-08-17,1.0394
2016-08-18,1.0396
2016-08-19,1.0398
2016-08-22,1.0396
2016-08-23,1.0402
2016-08-24,1.0402
2016-08-25,1.0398
2016-08-26,1.0401
2016-08-29,1.0403
2016-08-30,1.0399
2016-08-31,1.0403
2016-09-01,1.0397
2016-09-02,1.0391
2016-09-05,1.0391
2016-09-06,1.0398
2016-09-07,1.04
2016-09-08,1.0399
2016-09-09,1.0392
2016-09-12,1.0371
2016-09-13,1.0372
2016-09-14,1.0371
2016-09-19,1.0378
2016-09-20,1.0378
2016-09-21,1.0382
2016-09-22,1.0386
2016-09-23,1.0386
2016-09-26,1.0373
2016-09-27,1.0378
2016-09-28,1.0383
2016-09-29,1.0386
2016-09-30,1.0388
2016-10-10,1.0404
2016-10-11,1.0406
2016-10-12,1.0408
2016-10-13,1.041
2016-10-14,1.0413
2016-10-17,1.0411
2016-10-18,1.042
2016-10-19,1.042
2016-10-20,1.0427
2016-10-21,1.0427
2016-10-24,1.043
2016-10-25,1.0434
2016-10-26,1.0429
2016-10-27,1.0427
2016-10-28,1.0426
2016-10-31,1.0425
2016-11-01,1.0433
2016-11-02,1.0432
2016-11-03,1.0435
2016-11-04,1.0442
2016-11-07,1.0442
2016-11-08,1.0445
2016-11-09,1.0444
2016-11-10,1.0457
2016-11-11,1.0455
2016-11-14,1.0456
2016-11-15,1.0458
2016-11-16,1.0452
2016-11-17,1.0451
2016-11-18,1.0452
2016-11-21,1.0468
2016-11-22,1.0472
2016-11-23,1.0473
2016-11-24,1.0472
2016-11-25,1.0478
2016-11-28,1.048
2016-11-29,1.0474
2016-11-30,1.0481
2016-12-01,1.0479
2016-12-02,1.0467
2016-12-05,1.0462
2016-12-06,1.0457
2016-12-07,1.046
2016-12-08,1.0457
2016-12-09,1.0454
2016-12-12,1.0421
2016-12-13,1.0411
2016-12-14,1.0396
2016-12-15,1.0357
2016-12-16,1.0363
2016-12-19,1.0348
2016-12-20,1.0339
2016-12-21,1.035
2016-12-22,1.0358
2016-12-23,1.0355
2016-12-26,1.0367
2016-12-27,1.0368
2016-12-28,1.0366
2016-12-29,1.0371
2016-12-30,1.0381
2016-12-31,1.0382
2017-01-03,1.0391
2017-01-04,1.0394
2017-01-05,1.0391
2017-01-06,1.0385
2017-01-09,1.0391
2017-01-10,1.0393
2017-01-11,1.0387
2017-01-12,1.0385
2017-01-13,1.0376
2017-01-16,1.0357
2017-01-17,1.0363
2017-01-18,1.0358
2017-01-19,1.0356
2017-01-20,1.0366
2017-01-23,1.0372
2017-01-24,1.037
2017-01-25,1.0373
2017-01-26,1.0379
2017-02-03,1.037
2017-02-06,1.0369
2017-02-07,1.0362
2017-02-08,1.0364
2017-02-09,1.0371
2017-02-10,1.037
2017-02-13,1.038
2017-02-14,1.0381
2017-02-15,1.0377
2017-02-16,1.038
2017-02-17,1.0375
2017-02-20,1.0386
2017-02-21,1.0392
2017-02-22,1.0394
2017-02-23,1.04
2017-02-24,1.0403
2017-02-27,1.0398
2017-02-28,1.0397
2017-03-01,1.0395
2017-03-02,1.0393
2017-03-03,1.0396
2017-03-06,1.04
2017-03-07,1.0406
2017-03-08,1.0398
2017-03-09,1.039
2017-03-10,1.0388
2017-03-13,1.0397
2017-03-14,1.0398
2017-03-15,1.0399
2017-03-16,1.0409
2017-03-17,1.0402
2017-03-20,1.0405
2017-03-21,1.0402
2017-03-22,1.0399
2017-03-23,1.04
2017-03-24,1.041
2017-03-27,1.0411
2017-03-28,1.0407
2017-03-29,1.0403
2017-03-30,1.0387
2017-03-31,1.0387
2017-04-05,1.0403
2017-04-06,1.0404
2017-04-07,1.0406
2017-04-10,1.0408
2017-04-11,1.0409
2017-04-12,1.0408
2017-04-13,1.041
2017-04-14,1.0396
2017-04-17,1.0382
2017-04-18,1.0379
2017-04-19,1.0366
2017-04-20,1.0366
2017-04-21,1.0367
2017-04-24,1.0358
2017-04-25,1.0367
2017-04-26,1.0369
2017-04-27,1.0374
2017-04-28,1.0377
2017-05-02,1.0369
2017-05-03,1.0372
2017-05-04,1.0369
2017-05-05,1.0371
2017-05-08,1.0373
2017-05-09,1.0375
2017-05-10,1.0377
2017-05-11,1.0382
2017-05-12,1.0391
2017-05-15,1.0392
2017-05-16,1.0394
2017-05-17,1.0392
2017-05-18,1.0393
2017-05-19,1.0393
2017-05-22,1.0366
2017-05-23,1.0371
2017-05-24,1.0368
2017-05-25,1.0381
2017-05-26,1.0387
2017-05-31,1.0391
2017-06-01,1.0391
2017-06-02,1.0387
2017-06-05,1.0378
2017-06-06,1.0379
2017-06-07,1.0383
2017-06-08,1.0404
2017-06-09,1.04
2017-06-12,1.039
2017-06-13,1.0415
2017-06-14,1.04
2017-06-15,1.043
2017-06-16,1.041
2017-06-19,1.0446
2017-06-20,1.0442
2017-06-21,1.0526
2017-06-22,1.0484
2017-06-23,1.0507
2017-06-26,1.052
2017-06-27,1.0543
2017-06-28,1.0517
2017-06-29,1.0536
2017-06-30,1.0535
2017-07-03,1.0504
2017-07-04,1.0477
2017-07-05,1.0508
2017-07-06,1.05
2017-07-07,1.0483
2017-07-10,1.0477
2017-07-11,1.052
2017-07-12,1.0499
2017-07-13,1.0519
2017-07-14,1.0529
2017-07-17,1.0505
2017-07-18,1.0489
2017-07-19,1.0523
2017-07-20,1.0546
2017-07-21,1.0547
2017-07-24,1.055
2017-07-25,1.0551
2017-07-26,1.0548
2017-07-27,1.0553
2017-07-28,1.0549
2017-07-31,1.0561
2017-08-01,1.0562
2017-08-02,1.0558
2017-08-03,1.056
2017-08-04,1.0574
2017-08-07,1.0572
2017-08-08,1.0576
2017-08-09,1.0583
2017-08-10,1.0581
2017-08-11,1.0558
2017-08-14,1.0566
2017-08-15,1.0566
2017-08-16,1.0566
2017-08-17,1.0577
2017-08-18,1.0563
2017-08-21,1.06
2017-08-22,1.0617
2017-08-23,1.0596
2017-08-24,1.0565
2017-08-25,1.0658
2017-08-28,1.0742
2017-08-29,1.075
2017-08-30,1.076
2017-08-31,1.0777
2017-09-01,1.0797
2017-09-04,1.0811
2017-09-05,1.0846
2017-09-06,1.0856
2017-09-07,1.0783
2017-09-08,1.0787
2017-09-11,1.0825
2017-09-12,1.0786
2017-09-13,1.0752
2017-09-14,1.0738
2017-09-15,1.0728
2017-09-18,1.0721
2017-09-19,1.0724
2017-09-20,1.0719
2017-09-21,1.0722
2017-09-22,1.0752
2017-09-25,1.0765
2017-09-26,1.0767
2017-09-27,1.0748
2017-09-28,1.0737
2017-09-29,1.0736
2017-10-09,1.0775
2017-10-10,1.0752
2017-10-11,1.0803
2017-10-12,1.0824
2017-10-13,1.0819
2017-10-16,1.0836
2017-10-17,1.0819
2017-10-18,1.0862
2017-10-19,1.0869
2017-10-20,1.0837
2017-10-23,1.0837
2017-10-24,1.0878
2017-10-25,1.0878
2017-10-26,1.0869
2017-10-27,1.0904
2017-10-30,1.0927
2017-10-31,1.0908
2017-11-01,1.0904
2017-11-02,1.0898
2017-11-03,1.0933
2017-11-06,1.0929
2017-11-07,1.0943
2017-11-08,1.0942
2017-11-09,1.0943
2017-11-10,1.0967
2017-11-13,1.0971
2017-11-14,1.0971
2017-11-15,1.0961
2017-11-16,1.0962
2017-11-17,1.096
2017-11-20,1.0961
2017-11-21,1.0958
2017-11-22,1.0959
2017-11-23,1.0945
2017-11-24,1.0944
2017-11-27,1.0946
2017-11-28,1.0945
2017-11-29,1.0993
2017-11-30,1.0963
2017-12-01,1.0953
2017-12-04,1.0949
2017-12-05,1.0941
2017-12-06,1.0921
2017-12-07,1.0908
2017-12-08,1.0913
2017-12-11,1.0925
2017-12-12,1.0904
2017-12-13,1.0904
2017-12-14,1.0899
2017-12-15,1.0892
2017-12-18,1.0897
2017-12-19,1.0912
2017-12-20,1.0913
2017-12-21,1.0912
2017-12-22,1.0914
2017-12-25,1.0918
2017-12-26,1.0919
2017-12-27,1.0917
2017-12-28,1.0918
2017-12-29,1.0921
2017-12-31,1.0924
2018-01-02,1.0935
2018-01-03,1.0941
2018-01-04,1.0945
2018-01-05,1.0949
2018-01-08,1.0953
2018-01-09,1.0954
2018-01-10,1.0951
2018-01-11,1.095
2018-01-12,1.0949
2018-01-15,1.0951
2018-01-16,1.0956
2018-01-17,1.095
2018-01-18,1.0954
2018-01-19,1.0944
2018-01-22,1.0974
2018-01-23,1.099
2018-01-24,1.0981
2018-01-25,1.0962
2018-01-26,1.0971
2018-01-29,1.095
2018-01-30,1.0924
2018-01-31,1.0962
2018-02-01,1.0976
2018-02-02,1.0995
2018-02-05,1.1041
2018-02-06,1.0926
2018-02-07,1.0843
2018-02-08,1.08
2018-02-09,1.0763
2018-02-12,1.0773
2018-02-13,1.079
2018-02-14,1.0799
2018-02-22,1.0838
2018-02-23,1.0835
2018-02-26,1.0849
2018-02-27,1.0841
2018-02-28,1.084
2018-03-01,1.0849
2018-03-02,1.0832
2018-03-05,1.0818
2018-03-06,1.084
2018-03-07,1.0826
2018-03-08,1.0836
2018-03-09,1.0848
2018-03-12,1.0873
2018-03-13,1.0861
2018-03-14,1.0848
2018-03-15,1.0868
2018-03-16,1.0852
2018-03-19,1.0868
2018-03-20,1.0877
2018-03-21,1.0861
2018-03-22,1.0854
2018-03-23,1.0762
2018-03-26,1.0801
2018-03-27,1.0813
2018-03-28,1.0784
2018-03-29,1.0788
2018-03-30,1.0811
2018-04-02,1.0822
2018-04-03,1.0822
2018-04-04,1.0829
2018-04-09,1.0857
2018-04-10,1.0842
2018-04-11,1.0854
2018-04-12,1.0921
2018-04-13,1.0917
2018-04-16,1.0939
2018-04-17,1.0941
2018-04-18,1.1114
2018-04-19,1.1063
2018-04-20,1.1058
2018-04-23,1.102
2018-04-24,1.1038
2018-04-25,1.1037
2018-04-26,1.0998
2018-04-27,1.0997
2018-05-02,1.0989
2018-05-03,1.1007
2018-05-04,1.1015
2018-05-07,1.1006
2018-05-08,1.0998
2018-05-09,1.0974
2018-05-10,1.0969
2018-05-11,1.0963
2018-05-14,1.0958
2018-05-15,1.0959
2018-05-16,1.0952
2018-05-17,1.0947
2018-05-18,1.0949
2018-05-21,1.0957
2018-05-22,1.0969
2018-05-23,1.0944
2018-05-24,1.0943
2018-05-25,1.0939
2018-05-28,1.0941
2018-05-29,1.0941
2018-05-30,1.0937
2018-05-31,1.0949
2018-06-01,1.0943
2018-06-04,1.0948
2018-06-05,1.0959
2018-06-06,1.0958
2018-06-07,1.0965
2018-06-08,1.0962
2018-06-11,1.096
2018-06-12,1.0967
2018-06-13,1.0957
2018-06-14,1.0953
2018-06-15,1.0944
2018-06-19,1.0947
2018-06-20,1.095
2018-06-21,1.0944
2018-06-22,1.0946
2018-06-25,1.0945
2018-06-26,1.0951
2018-06-27,1.0946
2018-06-28,1.0949
2018-06-29,1.0975
2018-06-30,1.0976
2018-07-02,1.0976
2018-07-03,1.0974
2018-07-04,1.0971
2018-07-05,1.0969
2018-07-06,1.0963
2018-07-09,1.0987
2018-07-10,1.0984
2018-07-11,1.0991
2018-07-12,1.1008
2018-07-13,1.1043
2018-07-16,1.1076
2018-07-17,1.108
2018-07-18,1.1066
2018-07-19,1.102
2018-07-20,1.1017
2018-07-23,1.109
2018-07-24,1.1108
2018-07-25,1.1078
2018-07-26,1.1047
2018-07-27,1.1042
2018-07-30,1.1049
2018-07-31,1.1049
2018-08-01,1.1035
2018-08-02,1.1027
2018-08-03,1.1021
2018-08-06,1.101
2018-08-07,1.1026
2018-08-08,1.1022
2018-08-09,1.104
2018-08-10,1.1023
2018-08-13,1.1009
2018-08-14,1.0996
2018-08-15,1.0965
2018-08-16,1.0944
2018-08-17,1.0903
2018-08-20,1.0905
2018-08-21,1.0938
2018-08-22,1.0936
2018-08-23,1.0952
2018-08-24,1.0942
2018-08-27,1.0951
2018-08-28,1.0971
2018-08-29,1.097
2018-08-30,1.0957
2018-08-31,1.0947
2018-09-03,1.0938
2018-09-04,1.0939
2018-09-05,1.0941
2018-09-06,1.0941
2018-09-07,1.0941
2018-09-10,1.094
2018-09-11,1.0935
2018-09-12,1.0938
2018-09-13,1.094
2018-09-14,1.0945
2018-09-17,1.095
2018-09-18,1.0947
2018-09-19,1.0948
2018-09-20,1.0947
2018-09-21,1.0951
2018-09-25,1.0952
2018-09-26,1.0951
2018-09-27,1.0952
2018-09-28,1.0956
2018-10-08,1.0966
2018-10-09,1.0973
2018-10-10,1.0972
2018-10-11,1.0974
2018-10-12,1.0975
2018-10-15,1.0981
2018-10-16,1.0979
2018-10-17,1.0981
2018-10-18,1.0981
2018-10-19,1.098
2018-10-22,1.0981
2018-10-23,1.0982
2018-10-24,1.0983
2018-10-25,1.0986
2018-10-26,1.0987
2018-10-29,1.099
2018-10-30,1.0992
2018-10-31,1.0992
2018-11-01,1.0993
2018-11-02,1.0992
2018-11-05,1.0995
2018-11-06,1.0999
2018-11-07,1.0999
2018-11-08,1.1
2018-11-09,1.1002
2018-11-12,1.1002
2018-11-13,1.1003
2018-11-14,1.1008
2018-11-15,1.1011
2018-11-16,1.1015
2018-11-19,1.1022
2018-11-20,1.1017
2018-11-21,1.1019
2018-11-22,1.1024
2018-11-23,1.1026
2018-11-26,1.1027
2018-11-27,1.1025
2018-11-28,1.1025
2018-11-29,1.1026
2018-11-30,1.1029
2018-12-03,1.1033
2018-12-04,1.1034
2018-12-05,1.1036
2018-12-06,1.1037
2018-12-07,1.1038
2018-12-10,1.104
2018-12-11,1.1042
2018-12-12,1.1044
2018-12-13,1.1044
2018-12-14,1.1042
2018-12-17,1.1041
2018-12-18,1.1038
2018-12-19,1.1038
2018-12-20,1.1044
2018-12-21,1.1044
2018-12-24,1.1044
2018-12-25,1.1045
2018-12-26,1.1045
2018-12-27,1.1047
2018-12-28,1.1057
2018-12-31,1.1065
2019-01-02,1.1078
2019-01-03,1.1079
2019-01-04,1.1079
2019-01-07,1.1084
2019-01-08,1.1087
2019-01-09,1.1089
2019-01-10,1.109
2019-01-11,1.109
2019-01-14,1.1091
2019-01-15,1.1092
2019-01-16,1.1094
2019-01-17,1.1097
2019-01-18,1.1099
2019-01-21,1.11
2019-01-22,1.11
2019-01-23,1.1101
2019-01-24,1.1102
2019-01-25,1.1102
2019-01-28,1.1106
2019-01-29,1.1109
2019-01-30,1.111
2019-01-31,1.1112
2019-02-01,1.1115
2019-02-11,1.1124
2019-02-12,1.1128
2019-02-13,1.113
2019-02-14,1.1132
2019-02-15,1.1134
2019-02-18,1.1136
2019-02-19,1.1137
2019-02-20,1.1139
2019-02-21,1.114
2019-02-22,1.114
2019-02-25,1.1141
2019-02-26,1.1138
2019-02-27,1.114
2019-02-28,1.1143
2019-03-01,1.1145
2019-03-04,1.1147
2019-03-05,1.1146
2019-03-06,1.1145
2019-03-07,1.1147
2019-03-08,1.1147
2019-03-11,1.1149
2019-03-12,1.1149
2019-03-13,1.1149
2019-03-14,1.1149
2019-03-15,1.1149
2019-03-18,1.1152
2019-03-19,1.1153
2019-03-20,1.1153
2019-03-21,1.1155
2019-03-22,1.1157
2019-03-25,1.1161
2019-03-26,1.1164
2019-03-27,1.1168
2019-03-28,1.1169
2019-03-29,1.1172
2019-04-01,1.1172
2019-04-02,1.1172
2019-04-03,1.1169
2019-04-04,1.117
2019-04-08,1.117
2019-04-09,1.1171
2019-04-10,1.117
2019-04-11,1.1171
2019-04-12,1.1171
2019-04-15,1.1168
2019-04-16,1.1169
2019-04-17,1.117
2019-04-18,1.1172
2019-04-19,1.1173
2019-04-22,1.1175
2019-04-23,1.1174
2019-04-24,1.1173
2019-04-25,1.1173
2019-04-26,1.1174
2019-04-29,1.1175
2019-04-30,1.1177
2019-05-06,1.1185
2019-05-07,1.1186
2019-05-08,1.1189
2019-05-09,1.1191
2019-05-10,1.1193
2019-05-13,1.1196
2019-05-14,1.1197
2019-05-15,1.1198
2019-05-16,1.1199
2019-05-17,1.12
2019-05-20,1.1202
2019-05-21,1.1201
2019-05-22,1.1201
2019-05-23,1.1202
2019-05-24,1.1203
2019-05-27,1.1201
2019-05-28,1.1201
2019-05-29,1.1204
2019-05-30,1.1205
2019-05-31,1.1206
2019-06-03,1.1211
2019-06-04,1.1213
2019-06-05,1.1214
2019-06-06,1.1215
2019-06-10,1.1216
2019-06-11,1.1216
2019-06-12,1.1217
2019-06-13,1.1217
2019-06-14,1.1219
2019-06-17,1.1222
2019-06-18,1.1224
2019-06-19,1.1227
2019-06-20,1.1229
2019-06-21,1.1231
2019-06-24,1.1233
2019-06-25,1.1235
2019-06-26,1.1237
2019-06-27,1.1238
2019-06-28,1.124
2019-06-30,1.1241
2019-07-01,1.1243
2019-07-02,1.1244
2019-07-03,1.1245
2019-07-04,1.1246
2019-07-05,1.1247
2019-07-08,1.1248
2019-07-09,1.1248
2019-07-10,1.1249
2019-07-11,1.125
2019-07-12,1.125
2019-07-15,1.1251
2019-07-16,1.1251
2019-07-17,1.1252
2019-07-18,1.1252
2019-07-19,1.1253
2019-07-22,1.1255
2019-07-23,1.1257
2019-07-24,1.1258
2019-07-25,1.1259
2019-07-26,1.126
2019-07-29,1.1262
2019-07-30,1.1262
2019-07-31,1.1263
2019-08-01,1.1264
2019-08-02,1.1265
2019-08-05,1.1268
2019-08-06,1.127
2019-08-07,1.1271
2019-08-08,1.1271
2019-08-09,1.1272
2019-08-12,1.1274
2019-08-13,1.1274
2019-08-14,1.1275
2019-08-15,1.1276
2019-08-16,1.1276
2019-08-19,1.1278
2019-08-20,1.1278
2019-08-21,1.1279
2019-08-22,1.1279
2019-08-23,1.128
2019-08-26,1.1282
2019-08-27,1.1282
2019-08-28,1.1283
2019-08-29,1.1283
2019-08-30,1.1283
2019-09-02,1.1284
2019-09-03,1.1284
2019-09-04,1.1285
2019-09-05,1.1288
2019-09-06,1.1289
2019-09-09,1.1292
2019-09-10,1.1293
2019-09-11,1.1295
2019-09-12,1.1295
2019-09-16,1.1299
2019-09-17,1.1298
2019-09-18,1.1299
2019-09-19,1.1299
2019-09-20,1.1299
2019-09-23,1.1301
2019-09-24,1.1301
2019-09-25,1.1302
2019-09-26,1.1302
2019-09-27,1.1303
2019-09-30,1.1304
2019-10-08,1.1311
2019-10-09,1.1313
2019-10-10,1.1314
2019-10-11,1.1315
2019-10-14,1.1316
2019-10-15,1.1316
2019-10-16,1.1317
2019-10-17,1.1318
2019-10-18,1.1318
2019-10-21,1.132
2019-10-22,1.132
2019-10-23,1.132
2019-10-24,1.1321
2019-10-25,1.1322
2019-10-28,1.1322
2019-10-29,1.1322
2019-10-30,1.1318
2019-10-31,1.1317
2019-11-01,1.1319
2019-11-04,1.132
2019-11-05,1.1322
2019-11-06,1.1325
2019-11-07,1.1326
2019-11-08,1.1327
2019-11-11,1.1329
2019-11-12,1.1329
2019-11-13,1.1331
2019-11-14,1.1331
2019-11-15,1.1332
2019-11-18,1.1336
2019-11-19,1.1339
2019-11-20,1.1341
2019-11-21,1.1343
2019-11-22,1.1343
2019-11-25,1.1345
2019-11-26,1.1346
2019-11-27,1.1348
2019-11-28,1.1349
2019-11-29,1.135
2019-12-02,1.1351
2019-12-03,1.1353
2019-12-04,1.1354
2019-12-05,1.1355
2019-12-06,1.1355
2019-12-09,1.1356
2019-12-10,1.1357
2019-12-11,1.1358
2019-12-12,1.136
2019-12-13,1.136
2019-12-16,1.1362
2019-12-17,1.1362
2019-12-18,1.1363
2019-12-19,1.1364
2019-12-20,1.1366
2019-12-23,1.1369
2019-12-24,1.1371
2019-12-25,1.1373
2019-12-26,1.1377
2019-12-27,1.1378
2019-12-30,1.1382
2019-12-31,1.1383
2020-01-02,1.1388
2020-01-03,1.1389
2020-01-06,1.1394
2020-01-07,1.1395
2020-01-08,1.1397
2020-01-09,1.1399
2020-01-10,1.1401
2020-01-13,1.1403
2020-01-14,1.1401
2020-01-15,1.1401
2020-01-16,1.1403
2020-01-17,1.1405
2020-01-20,1.1408
2020-01-21,1.1409
2020-01-22,1.141
2020-01-23,1.1411
2020-02-03,1.1437
2020-02-04,1.1436
2020-02-05,1.1439
2020-02-06,1.1441
2020-02-07,1.1445
2020-02-10,1.145
2020-02-11,1.1451
2020-02-12,1.1455
2020-02-13,1.1458
2020-02-14,1.1459
2020-02-17,1.1462
2020-02-18,1.1464
2020-02-19,1.1465
2020-02-20,1.1466
2020-02-21,1.1467
2020-02-24,1.1472
2020-02-25,1.1475
2020-02-26,1.1478
2020-02-27,1.148
2020-02-28,1.1483
2020-03-02,1.1485
2020-03-03,1.1485
2020-03-04,1.1491
2020-03-05,1.1494
2020-03-06,1.1498
2020-03-09,1.1506
2020-03-10,1.1503
2020-03-11,1.1501
2020-03-12,1.15
2020-03-13,1.1494
2020-03-16,1.1497
2020-03-17,1.1495
2020-03-18,1.1497
2020-03-19,1.1498
2020-03-20,1.15
2020-03-23,1.1505
2020-03-24,1.1511
2020-03-25,1.1513
2020-03-26,1.1517
2020-03-27,1.1518
2020-03-30,1.152
2020-03-31,1.1522
2020-04-01,1.1526
2020-04-02,1.153
2020-04-03,1.1532
2020-04-07,1.1554
2020-04-08,1.1569
2020-04-09,1.1575
2020-04-10,1.1574
2020-04-13,1.1574
2020-04-14,1.1575
2020-04-15,1.1579
2020-04-16,1.1584
2020-04-17,1.1589
2020-04-20,1.1591
2020-04-21,1.1592
2020-04-22,1.1594
2020-04-23,1.1599
2020-04-24,1.16
2020-04-27,1.1599
2020-04-28,1.16
2020-04-29,1.1604
2020-04-30,1.1607
2020-05-06,1.1606
2020-05-07,1.1598
2020-05-08,1.1595
2020-05-11,1.1583
2020-05-12,1.1581
2020-05-13,1.1582
2020-05-14,1.1583
2020-05-15,1.1588
2020-05-18,1.1586
2020-05-19,1.1582
2020-05-20,1.158
2020-05-21,1.1581
2020-05-22,1.1587
2020-05-25,1.1584
2020-05-26,1.1571
2020-05-27,1.1565
2020-05-28,1.1559
2020-05-29,1.1556
2020-06-01,1.1555
2020-06-02,1.1541
2020-06-03,1.1521
2020-06-04,1.1509
2020-06-05,1.1488
2020-06-08,1.1483
2020-06-09,1.1485
2020-06-10,1.1487
2020-06-11,1.149
2020-06-12,1.1495
2020-06-15,1.15
2020-06-16,1.1498
2020-06-17,1.1495
2020-06-18,1.1496
2020-06-19,1.1493
2020-06-22,1.149
2020-06-23,1.1483
2020-06-24,1.1482
2020-06-29,1.1488
2020-06-30,1.1487
2020-07-01,1.1489
2020-07-02,1.1492
2020-07-03,1.1495
2020-07-06,1.1491
2020-07-07,1.1477
2020-07-08,1.147
2020-07-09,1.1461
2020-07-10,1.1454
2020-07-13,1.145
2020-07-14,1.145
2020-07-15,1.145
2020-07-16,1.1454
2020-07-17,1.1456
2020-07-20,1.1459
2020-07-21,1.1462
2020-07-22,1.1463
2020-07-23,1.1464
2020-07-24,1.1465
2020-07-27,1.1468
2020-07-28,1.1468
2020-07-29,1.1468
2020-07-30,1.1468
2020-07-31,1.1468
2020-08-03,1.1471
2020-08-04,1.1471
2020-08-05,1.1472
2020-08-06,1.1473
2020-08-07,1.1474
2020-08-10,1.1475
2020-08-11,1.1477
2020-08-12,1.1477
2020-08-13,1.1478
2020-08-14,1.1479
2020-08-17,1.1481
2020-08-18,1.1481
2020-08-19,1.148
2020-08-20,1.1481
2020-08-21,1.1481
2020-08-24,1.1483
2020-08-25,1.1481
2020-08-26,1.1481
2020-08-27,1.148
2020-08-28,1.1479
2020-08-31,1.148
2020-09-01,1.1481
2020-09-02,1.148
2020-09-03,1.148
2020-09-04,1.148
2020-09-07,1.148
2020-09-08,1.1481
2020-09-09,1.1482
2020-09-10,1.1483
2020-09-11,1.1483
2020-09-14,1.1485
2020-09-15,1.1487
2020-09-16,1.1488
2020-09-17,1.1488
2020-09-18,1.1489
2020-09-21,1.1491
2020-09-22,1.1492
2020-09-23,1.1493
2020-09-24,1.1493
2020-09-25,1.1494
2020-09-28,1.1495
2020-09-29,1.1495
2020-09-30,1.1498
2020-10-09,1.1504
2020-10-12,1.1505
2020-10-13,1.1506
2020-10-14,1.1507
2020-10-15,1.1507
2020-10-16,1.1508
2020-10-19,1.1511
2020-10-20,1.1511
2020-10-21,1.1513
2020-10-22,1.1514
2020-10-23,1.1516
2020-10-26,1.1518
2020-10-27,1.1518
2020-10-28,1.1519
2020-10-29,1.1519
2020-10-30,1.152
2020-11-02,1.1522
2020-11-03,1.1523
2020-11-04,1.1524
2020-11-05,1.1526
2020-11-06,1.1527
2020-11-09,1.1528
2020-11-10,1.1528
2020-11-11,1.1527
2020-11-12,1.1523
2020-11-13,1.1516
2020-11-16,1.1515
2020-11-17,1.1512
2020-11-18,1.1506
2020-11-19,1.1502
2020-11-20,1.1497
2020-11-23,1.1499
2020-11-24,1.1499
2020-11-25,1.1499
2020-11-26,1.1499
2020-11-27,1.15
2020-11-30,1.1504
2020-12-01,1.1506
2020-12-02,1.1507
2020-12-03,1.1508
2020-12-04,1.1509
2020-12-07,1.1511
2020-12-08,1.1512
2020-12-09,1.1514
2020-12-10,1.1516
2020-12-11,1.1517
2020-12-14,1.1519
2020-12-15,1.1521
2020-12-16,1.1522
2020-12-17,1.1524
2020-12-18,1.1525
2020-12-21,1.1528
2020-12-22,1.153
2020-12-23,1.1533
2020-12-24,1.1534
2020-12-25,1.1535
2020-12-28,1.1539
2020-12-29,1.1539
2020-12-30,1.154
2020-12-31,1.1543
2021-01-04,1.1549
2021-01-05,1.155
2021-01-06,1.1554
2021-01-07,1.1558
2021-01-08,1.1562
2021-01-11,1.1565
2021-01-12,1.1568
2021-01-13,1.1571
2021-01-14,1.1574
2021-01-15,1.1574
2021-01-18,1.1573
2021-01-19,1.1571
2021-01-20,1.1571
2021-01-21,1.1572
2021-01-22,1.1574
2021-01-25,1.1577
2021-01-26,1.1572
2021-01-27,1.1568
2021-01-28,1.1562
2021-01-29,1.1557
2021-02-01,1.1564
2021-02-02,1.157
2021-02-03,1.157
2021-02-04,1.157
2021-02-05,1.1568
2021-02-08,1.1571
2021-02-09,1.1573
2021-02-10,1.1575
2021-02-18,1.1582
2021-02-19,1.1584
2021-02-22,1.1589
2021-02-23,1.1589
2021-02-24,1.1591
2021-02-25,1.1593
2021-02-26,1.1594
2021-03-01,1.16
2021-03-02,1.1602
2021-03-03,1.1605
2021-03-04,1.1607
2021-03-05,1.1609
2021-03-08,1.1612
2021-03-09,1.1615
2021-03-10,1.1617
2021-03-11,1.1618
2021-03-12,1.162
2021-03-15,1.1623
2021-03-16,1.1625
2021-03-17,1.1627
2021-03-18,1.1629
2021-03-19,1.1629
2021-03-22,1.1633
2021-03-23,1.1635
2021-03-24,1.1637
2021-03-25,1.1637
2021-03-26,1.1639
2021-03-29,1.1641
2021-03-30,1.1644
2021-03-31,1.1645
2021-04-01,1.1648
2021-04-02,1.165
2021-04-06,1.1655
2021-04-07,1.1656
2021-04-08,1.1656
2021-04-09,1.1658
2021-04-12,1.1661
2021-04-13,1.1665
2021-04-14,1.1667
2021-04-15,1.167
2021-04-16,1.1671
2021-04-19,1.1674
2021-04-20,1.1675
2021-04-21,1.1677
2021-04-22,1.1679
2021-04-23,1.1681
2021-04-26,1.1682
2021-04-27,1.1683
2021-04-28,1.1684
2021-04-29,1.1686
2021-04-30,1.1687
2021-05-06,1.1694
2021-05-07,1.1696
2021-05-10,1.1701
2021-05-11,1.1703
2021-05-12,1.1706
2021-05-13,1.1707
2021-05-14,1.1708
2021-05-17,1.1712
2021-05-18,1.1712
2021-05-19,1.1714
2021-05-20,1.1714
2021-05-21,1.1717
2021-05-24,1.172
2021-05-25,1.1721
2021-05-26,1.1722
2021-05-27,1.1724
2021-05-28,1.1725
2021-05-31,1.1726
2021-06-01,1.1729
2021-06-02,1.173
2021-06-03,1.1732
2021-06-04,1.1732
2021-06-07,1.1731
2021-06-08,1.173
2021-06-09,1.173
2021-06-10,1.1731
2021-06-11,1.1731
2021-06-15,1.1734
2021-06-16,1.1734
2021-06-17,1.1734
2021-06-18,1.1734
2021-06-21,1.1736
2021-06-22,1.1736
2021-06-23,1.1738
2021-06-24,1.174
2021-06-25,1.1741
2021-06-28,1.1744
2021-06-29,1.1744
2021-06-30,1.1746
2021-07-01,1.1747
2021-07-02,1.1749
2021-07-05,1.1752
2021-07-06,1.1754
2021-07-07,1.1755
2021-07-08,1.176
2021-07-09,1.1762
2021-07-12,1.1766
2021-07-13,1.1768
2021-07-14,1.1771
2021-07-15,1.1772
2021-07-16,1.1773
2021-07-19,1.1776
2021-07-20,1.1778
2021-07-21,1.1781
2021-07-22,1.1782
2021-07-23,1.1785
2021-07-26,1.179
2021-07-27,1.179
2021-07-28,1.179
2021-07-29,1.1791
2021-07-30,1.1792
2021-08-02,1.1795
2021-08-03,1.1796
2021-08-04,1.1797
2021-08-05,1.1798
2021-08-06,1.18
2021-08-09,1.1799
2021-08-10,1.1798
2021-08-11,1.1799
2021-08-12,1.1801
2021-08-13,1.1802
2021-08-16,1.1803
2021-08-17,1.1804
2021-08-18,1.1807
2021-08-19,1.1808
2021-08-20,1.1809
2021-08-23,1.1811
2021-08-24,1.1811
2021-08-25,1.1811
2021-08-26,1.1806
2021-08-27,1.1807
2021-08-30,1.1809
2021-08-31,1.181
2021-09-01,1.1813
2021-09-02,1.1813
2021-09-03,1.1813
2021-09-06,1.1814
2021-09-07,1.181
2021-09-08,1.1806
2021-09-09,1.1809
2021-09-10,1.1809
2021-09-13,1.1809
2021-09-14,1.1801
2021-09-15,1.1802
2021-09-16,1.1793
2021-09-17,1.1797
2021-09-22,1.181
2021-09-23,1.1814
2021-09-24,1.1808
2021-09-27,1.1802
2021-09-28,1.1802
2021-09-29,1.1797
2021-09-30,1.1802
2021-10-08,1.1806
2021-10-11,1.1806
2021-10-12,1.1803
2021-10-13,1.1805
2021-10-14,1.1805
2021-10-15,1.1807
2021-10-18,1.1809
2021-10-19,1.1807
2021-10-20,1.1809
2021-10-21,1.181
2021-10-22,1.1812
2021-10-25,1.1817
2021-10-26,1.1818
2021-10-27,1.1821
2021-10-28,1.182
2021-10-29,1.1824
2021-11-01,1.1825
2021-11-02,1.1826
2021-11-03,1.1826
2021-11-04,1.1829
2021-11-05,1.1832
2021-11-08,1.1836
2021-11-09,1.1838
2021-11-10,1.1836
2021-11-11,1.184
2021-11-12,1.1841
2021-11-15,1.1843
2021-11-16,1.1845
2021-11-17,1.1847
2021-11-18,1.1849
2021-11-19,1.1853
2021-11-22,1.1857
2021-11-23,1.1858
2021-11-24,1.1858
2021-11-25,1.186
2021-11-26,1.186
2021-11-29,1.1863
2021-11-30,1.1861
2021-12-01,1.1863
2021-12-02,1.1865
2021-12-03,1.1869
2021-12-06,1.1873
2021-12-07,1.1877
2021-12-08,1.1879
2021-12-09,1.188
2021-12-10,1.188
2021-12-13,1.1884
2021-12-14,1.1883
2021-12-15,1.1883
2021-12-16,1.1887
2021-12-17,1.1885
2021-12-20,1.1883
2021-12-21,1.1884
2021-12-22,1.1888
2021-12-23,1.1893
2021-12-24,1.1894
2021-12-27,1.1898
2021-12-28,1.1899
2021-12-29,1.1897
2021-12-30,1.1902
2021-12-31,1.1906
2022-01-04,1.1908
2022-01-05,1.1909
2022-01-06,1.1909
2022-01-07,1.1911
2022-01-10,1.1919
2022-01-11,1.1919
2022-01-12,1.1922
2022-01-13,1.1918
2022-01-14,1.1916
2022-01-17,1.1921
2022-01-18,1.1933
2022-01-19,1.1946
2022-01-20,1.1954
2022-01-21,1.1958
2022-01-24,1.1966
2022-01-25,1.196
2022-01-26,1.1956
2022-01-27,1.1948
2022-01-28,1.1954
2022-02-07,1.1962
2022-02-08,1.1967
2022-02-09,1.1965
2022-02-10,1.1969
2022-02-11,1.1959
2022-02-14,1.1953
2022-02-15,1.1951
2022-02-16,1.1953
2022-02-17,1.1956
2022-02-18,1.1959
2022-02-21,1.1956
2022-02-22,1.1949
2022-02-23,1.1947
2022-02-24,1.1943
2022-02-25,1.1944
2022-02-28,1.1947
2022-03-01,1.195
2022-03-02,1.1948
2022-03-03,1.1946
2022-03-04,1.1945
2022-03-07,1.1945
2022-03-08,1.1941
2022-03-09,1.1937
2022-03-10,1.1932
2022-03-11,1.1929
2022-03-14,1.1926
2022-03-15,1.1912
2022-03-16,1.1912
2022-03-17,1.192
2022-03-18,1.192
2022-03-21,1.1919
2022-03-22,1.1913
2022-03-23,1.1911
2022-03-24,1.191
2022-03-25,1.1907
2022-03-28,1.1909
2022-03-29,1.1908
2022-03-30,1.1917
2022-03-31,1.1922
2022-04-01,1.1932
2022-04-06,1.195
2022-04-07,1.1941
2022-04-08,1.1952
2022-04-11,1.1947
2022-04-12,1.194
2022-04-13,1.194
2022-04-14,1.1954
2022-04-15,1.1958
2022-04-18,1.195
2022-04-19,1.1952
2022-04-20,1.1954
2022-04-21,1.1952
2022-04-22,1.1955
2022-04-25,1.1956
2022-04-26,1.1958
2022-04-27,1.1959
2022-04-28,1.1959
2022-04-29,1.1962
2022-05-05,1.1968
2022-05-06,1.1957
2022-05-09,1.1958
2022-05-10,1.1966
2022-05-11,1.1964
2022-05-12,1.1962
2022-05-13,1.1973
2022-05-16,1.1972
2022-05-17,1.1976
2022-05-18,1.1972
2022-05-19,1.1978
2022-05-20,1.1988
2022-05-23,1.1986
2022-05-24,1.1976
2022-05-25,1.1977
2022-05-26,1.198
2022-05-27,1.1981
2022-05-30,1.1986
2022-05-31,1.1987
2022-06-01,1.1984
2022-06-02,1.1981
2022-06-06,1.1991
2022-06-07,1.1982
2022-06-08,1.1993
2022-06-09,1.1978
2022-06-10,1.1998
2022-06-13,1.2002
2022-06-14,1.201
2022-06-15,1.2008
2022-06-16,1.2001
2022-06-17,1.2016
2022-06-20,1.2027
2022-06-21,1.2022
2022-06-22,1.2014
2022-06-23,1.2036
2022-06-24,1.2041
2022-06-27,1.205
2022-06-28,1.2057
2022-06-29,1.2039
2022-06-30,1.206
2022-07-01,1.2053
2022-07-04,1.2057
2022-07-05,1.2047
2022-07-06,1.2033
2022-07-07,1.2038
2022-07-08,1.2034
2022-07-11,1.2022
2022-07-12,1.2019
2022-07-13,1.2028
2022-07-14,1.2035
2022-07-15,1.2027
2022-07-18,1.2044
2022-07-19,1.2036
2022-07-20,1.2046
2022-07-21,1.2035
2022-07-22,1.2033
2022-07-25,1.2027
2022-07-26,1.2038
2022-07-27,1.2042
2022-07-28,1.2035
2022-07-29,1.203
2022-08-01,1.2046
2022-08-02,1.2036
2022-08-03,1.2025
2022-08-04,1.2028
2022-08-05,1.2033
2022-08-08,1.204
2022-08-09,1.2044
2022-08-10,1.2035
2022-08-11,1.2045
2022-08-12,1.2038
2022-08-15,1.2065
2022-08-16,1.2077
2022-08-17,1.2086
2022-08-18,1.2094
2022-08-19,1.2084
2022-08-22,1.2085
2022-08-23,1.2092
2022-08-24,1.2064
2022-08-25,1.206
2022-08-26,1.2051
2022-08-29,1.2056
2022-08-30,1.205
2022-08-31,1.2032
2022-09-01,1.2037
2022-09-02,1.2033
2022-09-05,1.2048
2022-09-06,1.2069
2022-09-07,1.2073
2022-09-08,1.2073
2022-09-09,1.2077
2022-09-13,1.2072
2022-09-14,1.206
2022-09-15,1.2047
2022-09-16,1.2017
2022-09-19,1.2012
2022-09-20,1.2011
2022-09-21,1.2006
2022-09-22,1.2004
2022-09-23,1.1999
2022-09-26,1.1997
2022-09-27,1.2006
2022-09-28,1.1984
2022-09-29,1.1978
2022-09-30,1.1964
2022-10-10,1.1966
2022-10-11,1.1971
2022-10-12,1.1993
2022-10-13,1.1985
2022-10-14,1.1999
2022-10-17,1.2001
2022-10-18,1.2008
2022-10-19,1.2004
2022-10-20,1.1992
2022-10-21,1.1997
2022-10-24,1.1982
2022-10-25,1.1981
2022-10-26,1.1987
2022-10-27,1.1986
2022-10-28,1.1973
2022-10-31,1.197
2022-11-01,1.1978
2022-11-02,1.1979
2022-11-03,1.1973
2022-11-04,1.1985
2022-11-07,1.1976
2022-11-08,1.1975
2022-11-09,1.1969
2022-11-10,1.1961
2022-11-11,1.196
2022-11-14,1.1947
2022-11-15,1.1947
2022-11-16,1.1912
2022-11-17,1.191
2022-11-18,1.1899
2022-11-21,1.1897
2022-11-22,1.1886
2022-11-23,1.1883
2022-11-24,1.1898
2022-11-25,1.1904
2022-11-28,1.1897
2022-11-29,1.1918
2022-11-30,1.1906
2022-12-01,1.1898
2022-12-02,1.1891
2022-12-05,1.1901
2022-12-06,1.1881
2022-12-07,1.1859
2022-12-08,1.1856
2022-12-09,1.1863
2022-12-12,1.1845
2022-12-13,1.1814
2022-12-14,1.1817
2022-12-15,1.1814
2022-12-16,1.181
2022-12-19,1.1796
2022-12-20,1.1768
2022-12-21,1.1774
2022-12-22,1.1779
2022-12-23,1.1786
2022-12-26,1.1801
2022-12-27,1.1813
2022-12-28,1.1809
2022-12-29,1.1803
2022-12-30,1.1813
2022-12-31,1.1813
2023-01-03,1.1829
2023-01-04,1.1847
2023-01-05,1.1877
2023-01-06,1.1871
2023-01-09,1.1882
2023-01-10,1.1873
2023-01-11,1.1868
2023-01-12,1.187
2023-01-13,1.1888
2023-01-16,1.1893
2023-01-17,1.1889
2023-01-18,1.1885
2023-01-19,1.1895
2023-01-20,1.1903
2023-01-30,1.1899
2023-01-31,1.1881
2023-02-01,1.1893
2023-02-02,1.189
2023-02-03,1.1891
2023-02-06,1.1879
2023-02-07,1.1876
2023-02-08,1.1865
2023-02-09,1.1888
2023-02-10,1.1885
2023-02-13,1.1905
2023-02-14,1.1903
2023-02-15,1.1904
2023-02-16,1.1905
2023-02-17,1.1892
2023-02-20,1.1928
2023-02-21,1.1925
2023-02-22,1.1916
2023-02-23,1.1908
2023-02-24,1.1894
2023-02-27,1.1888
2023-02-28,1.1895
2023-03-01,1.1915
2023-03-02,1.192
2023-03-03,1.192
2023-03-06,1.1912
2023-03-07,1.1894
2023-03-08,1.1897
2023-03-09,1.1895
2023-03-10,1.1882
2023-03-13,1.192
2023-03-14,1.1914
2023-03-15,1.1899
2023-03-16,1.1889
2023-03-17,1.1906
2023-03-20,1.19
2023-03-21,1.1908
2023-03-22,1.1915
2023-03-23,1.1929
2023-03-24,1.1926
2023-03-27,1.1931
2023-03-28,1.1913
2023-03-29,1.1925
2023-03-30,1.1921
2023-03-31,1.1941
2023-04-03,1.1974
2023-04-04,1.1978
2023-04-06,1.1977
2023-04-07,1.1997
2023-04-10,1.1969
2023-04-11,1.1982
2023-04-12,1.2001
2023-04-13,1.1987
2023-04-14,1.1986
2023-04-17,1.1987
2023-04-18,1.1992
2023-04-19,1.1988
2023-04-20,1.2008
2023-04-21,1.1967
2023-04-24,1.1967
2023-04-25,1.1964
2023-04-26,1.1939
2023-04-27,1.1953
2023-04-28,1.1975
2023-05-04,1.1985
2023-05-05,1.1988
2023-05-08,1.1999
2023-05-09,1.1985
2023-05-10,1.1965
2023-05-11,1.1962
2023-05-12,1.1945
2023-05-15,1.195
2023-05-16,1.1943
2023-05-17,1.1936
2023-05-18,1.1939
2023-05-19,1.1925
2023-05-22,1.1933
2023-05-23,1.1915
2023-05-24,1.1895
2023-05-25,1.1897
2023-05-26,1.191
2023-05-29,1.1928
2023-05-30,1.1929
2023-05-31,1.1929
2023-06-01,1.193
2023-06-02,1.1926
2023-06-05,1.1937
2023-06-06,1.1925
2023-06-07,1.1941
2023-06-08,1.1953
2023-06-09,1.1959
2023-06-12,1.195
2023-06-13,1.1964
2023-06-14,1.1961
2023-06-15,1.1961
2023-06-16,1.1954
2023-06-19,1.1936
2023-06-20,1.1933
2023-06-21,1.1919
2023-06-26,1.1906
2023-06-27,1.1917
2023-06-28,1.1914
2023-06-29,1.1913
2023-06-30,1.1926
2023-07-03,1.1942
2023-07-04,1.1937
2023-07-05,1.1928
2023-07-06,1.1926
2023-07-07,1.1924
2023-07-10,1.1933
2023-07-11,1.1941
2023-07-12,1.1929
2023-07-13,1.1935
2023-07-14,1.1929
2023-07-17,1.1927
2023-07-18,1.1928
2023-07-19,1.1924
2023-07-20,1.1918
2023-07-21,1.1919
2023-07-24,1.1918
2023-07-25,1.1921
2023-07-26,1.1919
2023-07-27,1.1922
2023-07-28,1.1941
2023-07-31,1.1947
2023-08-01,1.1939
2023-08-02,1.1937
2023-08-03,1.1954
2023-08-04,1.1958
2023-08-07,1.1947
2023-08-08,1.1945
2023-08-09,1.194
2023-08-10,1.1948
2023-08-11,1.1927
2023-08-14,1.1932
2023-08-15,1.1936
2023-08-16,1.1931
2023-08-17,1.1933
2023-08-18,1.1918
2023-08-21,1.1906
2023-08-22,1.1912
2023-08-23,1.1892
2023-08-24,1.1897
2023-08-25,1.1897
2023-08-28,1.1912
2023-08-29,1.1918
2023-08-30,1.1913
2023-08-31,1.1893
2023-09-01,1.1905
2023-09-04,1.191
2023-09-05,1.1899
2023-09-06,1.1891
2023-09-07,1.1865
2023-09-08,1.1853
2023-09-11,1.1846
2023-09-12,1.1844
2023-09-13,1.1848
2023-09-14,1.185
2023-09-15,1.1842
2023-09-18,1.1838
2023-09-19,1.184
2023-09-20,1.1839
2023-09-21,1.1836
2023-09-22,1.1845
2023-09-25,1.1832
2023-09-26,1.1824
2023-09-27,1.1818
2023-09-28,1.1823
2023-10-09,1.1823
2023-10-10,1.1808
2023-10-11,1.18
2023-10-12,1.1811
2023-10-13,1.1804
2023-10-16,1.1798
2023-10-17,1.1802
2023-10-18,1.1792
2023-10-19,1.1763
2023-10-20,1.1757
2023-10-23,1.1745
2023-10-24,1.175
2023-10-25,1.1764
2023-10-26,1.1761
2023-10-27,1.1768
2023-10-30,1.1771
2023-10-31,1.1775
2023-11-01,1.1773
2023-11-02,1.1769
2023-11-03,1.1776
2023-11-06,1.179
2023-11-07,1.1783
2023-11-08,1.1778
2023-11-09,1.1782
2023-11-10,1.1775
2023-11-13,1.1776
2023-11-14,1.1784
2023-11-15,1.1797
2023-11-16,1.179
2023-11-17,1.1792
2023-11-20,1.1794
2023-11-21,1.1807
2023-11-22,1.179
2023-11-23,1.1798
2023-11-24,1.1794
2023-11-27,1.1783
2023-11-28,1.1781
2023-11-29,1.1767
2023-11-30,1.177
2023-12-01,1.177
2023-12-04,1.1757
2023-12-05,1.1733
2023-12-06,1.174
2023-12-07,1.1736
2023-12-08,1.1738
2023-12-11,1.1752
2023-12-12,1.1759
2023-12-13,1.1749
2023-12-14,1.1748
2023-12-15,1.1759
2023-12-18,1.1764
2023-12-19,1.1769
2023-12-20,1.1758
2023-12-21,1.1772
2023-12-22,1.1773
2023-12-25,1.1786
2023-12-26,1.1778
2023-12-27,1.1793
2023-12-28,1.1803
2023-12-29,1.1821
2023-12-31,1.1822
2024-01-02,1.182
2024-01-03,1.1816
2024-01-04,1.1816
2024-01-05,1.1815
2024-01-08,1.1809
2024-01-09,1.1824
2024-01-10,1.1818
2024-01-11,1.1812
2024-01-12,1.1813
2024-01-15,1.1817
2024-01-16,1.182
2024-01-17,1.1806
2024-01-18,1.1809
2024-01-19,1.1813
2024-01-22,1.1793
2024-01-23,1.1803
2024-01-24,1.1825
2024-01-25,1.185
2024-01-26,1.1861
2024-01-29,1.1872
2024-01-30,1.1881
2024-01-31,1.1899
2024-02-01,1.1893
2024-02-02,1.1898
2024-02-05,1.1923
2024-02-06,1.1921
2024-02-07,1.1938
2024-02-08,1.1931
2024-02-19,1.196
2024-02-20,1.198
2024-02-21,1.1977
2024-02-22,1.1991
2024-02-23,1.1996
2024-02-26,1.1976
2024-02-27,1.1985
2024-02-28,1.1986
2024-02-29,1.1999
2024-03-01,1.1988
2024-03-04,1.2007
2024-03-05,1.2025
2024-03-06,1.2037
2024-03-07,1.2046
2024-03-08,1.206
2024-03-11,1.2043
2024-03-12,1.1998
2024-03-13,1.1999
2024-03-14,1.2005
2024-03-15,1.2018
2024-03-18,1.2034
2024-03-19,1.2029
2024-03-20,1.2033
2024-03-21,1.2038
2024-03-22,1.2034
2024-03-25,1.2039
2024-03-26,1.204
2024-03-27,1.2046
2024-03-28,1.2052
2024-03-29,1.2077
2024-04-01,1.2071
2024-04-02,1.2082
2024-04-03,1.2097
2024-04-08,1.2113
2024-04-09,1.2112
2024-04-10,1.2128
2024-04-11,1.2147
2024-04-12,1.2161
2024-04-15,1.2187
2024-04-16,1.2176
2024-04-17,1.2202
2024-04-18,1.2201
2024-04-19,1.2216
2024-04-22,1.2212
2024-04-23,1.2201
2024-04-24,1.2196
2024-04-25,1.2195
2024-04-26,1.2178
2024-04-29,1.2134
2024-04-30,1.2152
2024-05-06,1.2166
2024-05-07,1.2175
2024-05-08,1.2176
2024-05-09,1.2181
2024-05-10,1.2182
2024-05-13,1.2196
2024-05-14,1.2201
2024-05-15,1.2186
2024-05-16,1.2191
2024-05-17,1.2223
2024-05-20,1.2235
2024-05-21,1.2227
2024-05-22,1.2231
2024-05-23,1.2225
2024-05-24,1.2231
2024-05-27,1.2247
2024-05-28,1.2248
2024-05-29,1.2251
2024-05-30,1.2248
2024-05-31,1.2246
2024-06-03,1.2254
2024-06-04,1.2263
2024-06-05,1.2262
2024-06-06,1.2271
2024-06-07,1.228
2024-06-11,1.2274
2024-06-12,1.2283
2024-06-13,1.2283
2024-06-14,1.2281
2024-06-17,1.2283
2024-06-18,1.2293
2024-06-19,1.2294
2024-06-20,1.2299
2024-06-21,1.2295
2024-06-24,1.2299
2024-06-25,1.2302
2024-06-26,1.2304
2024-06-27,1.2312
2024-06-28,1.2329
2024-06-30,1.233
2024-07-01,1.2331
2024-07-02,1.2339
2024-07-03,1.2342
2024-07-04,1.2344
2024-07-05,1.2334
2024-07-08,1.2331
2024-07-09,1.2348
2024-07-10,1.2339
2024-07-11,1.2342
2024-07-12,1.2346
2024-07-15,1.2355
2024-07-16,1.2357
2024-07-17,1.2351
2024-07-18,1.2358
2024-07-19,1.2357
2024-07-22,1.236
2024-07-23,1.2361
2024-07-24,1.2368
2024-07-25,1.2369
2024-07-26,1.2372
2024-07-29,1.2379
2024-07-30,1.2378
2024-07-31,1.238
2024-08-01,1.239
2024-08-02,1.2393
2024-08-05,1.2386
2024-08-06,1.2378
2024-08-07,1.2385
2024-08-08,1.2374
2024-08-09,1.2363
2024-08-12,1.2342
2024-08-13,1.2351
2024-08-14,1.2364
2024-08-15,1.2362
2024-08-16,1.2362
2024-08-19,1.2371
2024-08-20,1.2368
2024-08-21,1.236
2024-08-22,1.2366
2024-08-23,1.2361
2024-08-26,1.2356
2024-08-27,1.2343
2024-08-28,1.2344
2024-08-29,1.2338
2024-08-30,1.2339
2024-09-02,1.2347
2024-09-03,1.2347
2024-09-04,1.235
2024-09-05,1.2354
2024-09-06,1.2353
2024-09-09,1.2349
2024-09-10,1.2348
2024-09-11,1.2343
2024-09-12,1.2345
2024-09-13,1.2349
2024-09-18,1.2359
2024-09-19,1.2357
2024-09-20,1.2355
2024-09-23,1.2355
2024-09-24,1.2356
2024-09-25,1.2361
2024-09-26,1.2362
2024-09-27,1.2341
2024-09-30,1.2309
2024-10-08,1.2294
2024-10-09,1.2268
2024-10-10,1.2286
2024-10-11,1.2304
2024-10-14,1.2328
2024-10-15,1.2334
2024-10-16,1.234
2024-10-17,1.234
2024-10-18,1.2341
2024-10-21,1.2341
2024-10-22,1.234
2024-10-23,1.2338
2024-10-24,1.2338
2024-10-25,1.2339
2024-10-28,1.2338
2024-10-29,1.2339
2024-10-30,1.2339
2024-10-31,1.2339
2024-11-01,1.2342
2024-11-04,1.2344
2024-11-05,1.2344
2024-11-06,1.2346
2024-11-07,1.2348
2024-11-08,1.2349
2024-11-11,1.235
2024-11-12,1.2352
2024-11-13,1.2352
2024-11-14,1.2353
2024-11-15,1.2354
2024-11-18,1.2355
2024-11-19,1.2356
2024-11-20,1.2357
2024-11-21,1.2358
2024-11-22,1.2359
2024-11-25,1.2361
2024-11-26,1.2362
2024-11-27,1.2363
2024-11-28,1.2363
2024-11-29,1.2368
2024-12-02,1.2377
2024-12-03,1.2379
2024-12-04,1.2383
2024-12-05,1.2383
2024-12-06,1.2383
2024-12-09,1.2388
2024-12-10,1.2403
2024-12-11,1.2404
2024-12-12,1.2408
2024-12-13,1.2417
2024-12-16,1.2425
2024-12-17,1.2422
2024-12-18,1.2418
2024-12-19,1.2419
2024-12-20,1.242
2024-12-23,1.2422
2024-12-24,1.2422
2024-12-25,1.242
2024-12-26,1.242
2024-12-27,1.2425
2024-12-30,1.2427
2024-12-31,1.243
2025-01-02,1.2433
2025-01-03,1.2434
2025-01-06,1.2433
2025-01-07,1.2432
2025-01-08,1.2433
2025-01-09,1.243
2025-01-10,1.2429
2025-01-13,1.2425
2025-01-14,1.2427
2025-01-15,1.2425
2025-01-16,1.2421
2025-01-17,1.242
2025-01-20,1.2419
2025-01-21,1.2419
2025-01-22,1.2421
2025-01-23,1.2418
2025-01-24,1.2418
2025-01-27,1.2427
2025-02-05,1.2429
2025-02-06,1.2434
2025-02-07,1.2439
2025-02-10,1.2439
2025-02-11,1.2436
2025-02-12,1.2437
2025-02-13,1.2436
2025-02-14,1.2434
2025-02-17,1.2431
2025-02-18,1.2427
2025-02-19,1.2428
2025-02-20,1.2425
2025-02-21,1.2422
2025-02-24,1.2418
2025-02-25,1.2417
2025-02-26,1.2419
2025-02-27,1.2419
2025-02-28,1.2418
2025-03-03,1.2418
2025-03-04,1.2419
2025-03-05,1.242
2025-03-06,1.242
2025-03-07,1.2418
2025-03-10,1.2417
2025-03-11,1.2415
2025-03-12,1.2417
2025-03-13,1.2419
2025-03-14,1.2423
2025-03-17,1.2423
2025-03-18,1.2424
2025-03-19,1.2427
2025-03-20,1.2429
2025-03-21,1.2429
2025-03-24,1.2434
2025-03-25,1.2438
2025-03-26,1.2437
2025-03-27,1.244
2025-03-28,1.2439
2025-03-31,1.2441
2025-04-01,1.2441
2025-04-02,1.2444
2025-04-03,1.2455
2025-04-07,1.2457
2025-04-08,1.2453
2025-04-09,1.2455
2025-04-10,1.2455
2025-04-11,1.2455
2025-04-14,1.2455
2025-04-15,1.2455
2025-04-16,1.2456
2025-04-17,1.2455
2025-04-18,1.2454
2025-04-21,1.2453
2025-04-22,1.2455
2025-04-23,1.2452
2025-04-24,1.2452
2025-04-25,1.245
2025-04-28,1.2452
2025-04-29,1.2458
2025-04-30,1.2459
2025-05-06,1.2461
2025-05-07,1.2462
2025-05-08,1.2472
2025-05-09,1.2479
2025-05-12,1.247
2025-05-13,1.2481
2025-05-14,1.2483
2025-05-15,1.248
2025-05-16,1.2478
2025-05-19,1.248
2025-05-20,1.2483
2025-05-21,1.2486
2025-05-22,1.2492
2025-05-23,1.249
2025-05-26,1.2491
2025-05-27,1.2493
2025-05-28,1.2496
2025-05-29,1.2494
2025-05-30,1.2501
2025-06-03,1.2504
2025-06-04,1.2506
2025-06-05,1.2504
2025-06-06,1.2507
2025-06-09,1.2512
2025-06-10,1.2514
2025-06-11,1.2517
2025-06-12,1.2523
2025-06-13,1.2522
2025-06-16,1.2525
2025-06-17,1.2528
2025-06-18,1.2536
2025-06-19,1.2536
2025-06-20,1.2541
2025-06-23,1.2544
2025-06-24,1.2544
2025-06-25,1.2546
2025-06-26,1.2546
2025-06-27,1.254
2025-06-30,1.2538
2025-07-01,1.2549
2025-07-02,1.2558
2025-07-03,1.2562
2025-07-04,1.2571
2025-07-07,1.2575
2025-07-08,1.2572
2025-07-09,1.2571
2025-07-10,1.257
2025-07-11,1.2565
2025-07-14,1.2564
2025-07-15,1.2565
2025-07-16,1.2565
2025-07-17,1.2566
2025-07-18,1.2569
2025-07-21,1.2569
2025-07-22,1.2572
2025-07-23,1.257
2025-07-24,1.2566
2025-07-25,1.2561
2025-07-28,1.2566
2025-07-29,1.2561
2025-07-30,1.2564
2025-07-31,1.2557
2025-08-01,1.2559
2025-08-04,1.2562
2025-08-05,1.2567
2025-08-06,1.257
2025-08-07,1.257
2025-08-08,1.257
2025-08-11,1.2566
2025-08-12,1.2564
2025-08-13,1.2564
2025-08-14,1.2566
2025-08-15,1.2566
2025-08-18,1.2558
2025-08-19,1.2554
2025-08-20,1.2557
2025-08-21,1.2557
2025-08-22,1.2561
2025-08-25,1.2564
2025-08-26,1.2566
2025-08-27,1.2562
2025-08-28,1.2564
2025-08-29,1.2567
2025-09-01,1.2565
2025-09-02,1.2566
2025-09-03,1.2564
2025-09-04,1.2564
2025-09-05,1.2563
2025-09-08,1.2562
2025-09-09,1.2561
2025-09-10,1.2558
2025-09-11,1.2556
2025-09-12,1.2556
2025-09-15,1.2558
2025-09-16,1.2558
2025-09-17,1.2559
2025-09-18,1.2558
2025-09-19,1.2557
2025-09-22,1.2557
2025-09-23,1.2554
2025-09-24,1.2551
2025-09-25,1.2546
2025-09-26,1.2546
2025-09-29,1.2549
2025-09-30,1.2552
2025-10-09,1.2562
2025-10-10,1.256
2025-10-13,1.2565
2025-10-14,1.2562
2025-10-15,1.2566
2025-10-16,1.2567
2025-10-17,1.257
2025-10-20,1.2571
2025-10-21,1.2574
